City_ID,City,Country,Date,Lat,Lng,Max Temp,Humidity,Cloudiness,Wind Speed
0,Zhezkazgan,KZ,2020-04-15 22:48:00,47.8,67.71,42.21,51,0,4.45
1,Lakatoro,VU,2020-04-15 22:48:00,-16.1,167.42,78.8,88,90,3.36
2,Hithadhoo,MV,2020-04-15 22:47:41,-0.6,73.08,84.18,73,88,9.86
3,Altay,CN,2020-04-15 22:48:01,47.87,88.12,43.45,39,86,7.56
4,Kaitangata,NZ,2020-04-15 22:48:01,-46.28,169.85,55.0,61,44,11.01
5,Bluff,NZ,2020-04-15 22:47:56,-46.6,168.33,51.01,73,70,15.99
6,Albany,US,2020-04-15 22:45:30,42.6,-73.97,46.99,31,40,9.17
7,Kavieng,PG,2020-04-15 22:48:02,-2.57,150.8,82.99,69,100,3.53
8,Dunedin,NZ,2020-04-15 22:46:02,-45.87,170.5,55.0,63,32,11.01
9,Jamestown,US,2020-04-15 22:46:35,42.1,-79.24,41.0,92,90,9.17
10,Rikitea,PF,2020-04-15 22:48:02,-23.12,-134.97,77.25,72,100,7.65
11,Port Moresby,PG,2020-04-15 22:48:03,-9.44,147.18,82.4,83,5,3.36
12,Ushuaia,AR,2020-04-15 22:45:36,-54.8,-68.3,51.8,66,59,2.19
13,Khatanga,RU,2020-04-15 22:47:50,71.97,102.5,-4.72,90,0,7.2
14,Butaritari,KI,2020-04-15 22:48:03,3.07,172.79,83.34,79,93,17.83
15,Bredasdorp,ZA,2020-04-15 22:48:03,-34.53,20.04,57.2,87,63,2.24
16,Neiafu,TO,2020-04-15 22:48:04,-18.65,-173.98,80.6,88,75,8.05
17,Gat,IL,2020-04-15 22:48:04,31.61,34.76,64.0,77,21,2.24
18,Beidao,CN,2020-04-15 22:48:04,34.57,105.89,60.37,30,41,3.98
19,Kruisfontein,ZA,2020-04-15 22:48:04,-34.0,24.73,57.83,80,96,6.04
20,Busselton,AU,2020-04-15 22:47:48,-33.65,115.33,55.99,66,79,7.27
21,Thompson,CA,2020-04-15 22:47:04,55.74,-97.86,26.6,42,40,10.29
22,Iqaluit,CA,2020-04-15 22:48:05,63.75,-68.51,24.8,62,90,23.04
23,Puerto Ayora,EC,2020-04-15 22:48:05,-0.74,-90.35,86.0,66,40,16.11
24,Talaya,RU,2020-04-15 22:48:05,61.38,152.75,15.22,80,0,2.37
25,Mataura,NZ,2020-04-15 22:48:05,-46.19,168.86,51.01,73,50,15.99
26,Warrington,GB,2020-04-15 22:48:06,53.39,-2.58,51.01,70,20,4.7
27,East London,ZA,2020-04-15 22:48:06,-33.02,27.91,63.73,76,20,10.67
28,New Norfolk,AU,2020-04-15 22:48:06,-42.78,147.06,60.8,72,40,11.41
29,Ancud,CL,2020-04-15 22:45:11,-41.87,-73.82,51.8,100,90,17.22
30,Vaini,TO,2020-04-15 22:48:06,-21.2,-175.2,80.6,74,75,8.05
31,Punta Arenas,CL,2020-04-15 22:48:07,-53.15,-70.92,50.0,87,95,6.93
32,Tura,IN,2020-04-15 22:48:07,25.52,90.22,65.61,85,77,3.22
33,Broome,US,2020-04-15 22:48:07,42.25,-75.83,44.01,35,75,9.17
34,Barrow,US,2020-04-15 22:48:07,71.29,-156.79,21.2,85,90,17.22
35,Komnina,GR,2020-04-15 22:48:08,40.6,21.78,46.0,64,2,6.93
36,Hermanus,ZA,2020-04-15 22:48:08,-34.42,19.23,60.01,75,30,1.99
37,Grong,NO,2020-04-15 22:48:08,64.47,12.31,32.58,93,98,5.21
38,Airai,TL,2020-04-15 22:48:08,-8.93,125.41,62.73,76,100,1.86
39,Ajdabiya,LY,2020-04-15 22:48:08,30.76,20.23,68.88,50,97,14.65
40,Port Elizabeth,ZA,2020-04-15 22:48:08,-33.92,25.57,55.4,93,82,2.24
41,Muros,ES,2020-04-15 22:48:09,42.78,-9.06,57.0,93,75,6.93
42,Kahului,US,2020-04-15 22:48:09,20.89,-156.47,77.0,69,40,14.99
43,Tuktoyaktuk,CA,2020-04-15 22:47:33,69.45,-133.04,30.2,80,75,2.24
44,Camacha,PT,2020-04-15 22:48:09,33.08,-16.33,62.6,77,20,17.22
45,Marystown,CA,2020-04-15 22:48:09,47.17,-55.15,34.3,96,100,12.08
46,Sao Pedro Do Sul,BR,2020-04-15 22:48:10,-29.62,-54.18,53.04,52,0,4.56
47,Akom,CM,2020-04-15 22:48:10,2.67,12.71,70.09,81,95,2.77
48,Plettenberg Bay,ZA,2020-04-15 22:48:10,-34.05,23.37,61.0,61,87,5.5
49,Goderich,CA,2020-04-15 22:45:15,43.75,-81.72,35.01,58,20,15.99
50,Pacific Grove,US,2020-04-15 22:48:11,36.62,-121.92,84.0,60,1,6.93
51,Lavrentiya,RU,2020-04-15 22:48:11,65.58,-171.0,29.86,94,37,5.06
52,Atuona,PF,2020-04-15 22:47:50,-9.8,-139.03,82.49,75,54,11.59
53,Gizo,SB,2020-04-15 22:48:12,-8.1,156.84,87.19,65,95,0.87
54,Saldanha,ZA,2020-04-15 22:48:12,-33.01,17.94,59.0,87,25,6.93
55,Lloydminster,CA,2020-04-15 22:48:12,53.28,-110.0,32.0,79,75,13.87
56,Hobart,AU,2020-04-15 22:45:50,-42.88,147.33,60.8,72,40,11.41
57,Lebu,CL,2020-04-15 22:48:12,-37.62,-73.65,55.44,81,98,7.49
58,Dashitou,CN,2020-04-15 22:48:13,43.31,128.51,45.82,42,87,4.32
59,Piney Green,US,2020-04-15 22:48:13,34.72,-77.32,55.0,57,90,8.05
60,Yellowknife,CA,2020-04-15 22:48:03,62.46,-114.35,30.0,63,20,2.24
61,Saint George,US,2020-04-15 22:48:13,37.1,-113.58,71.01,14,1,14.99
62,Cape Town,ZA,2020-04-15 22:48:10,-33.93,18.42,60.01,82,20,3.36
63,Nhamunda,BR,2020-04-15 22:48:14,-2.19,-56.71,73.44,94,100,1.68
64,Faya,SA,2020-04-15 22:48:14,18.39,42.45,60.8,87,20,5.82
65,Avarua,CK,2020-04-15 22:48:14,-21.21,-159.78,80.6,65,85,10.29
66,Olafsvik,IS,2020-04-15 22:48:14,64.89,-23.71,35.6,81,58,8.68
67,Cayenne,GF,2020-04-15 22:48:14,4.93,-52.33,80.6,74,0,3.36
68,Sao Joao Da Barra,BR,2020-04-15 22:48:15,-21.64,-41.05,76.96,89,98,5.75
69,Namibe,AO,2020-04-15 22:48:13,-15.2,12.15,75.25,68,37,5.84
70,Saint-Philippe,RE,2020-04-15 22:47:33,-21.36,55.77,75.2,73,40,6.93
71,Souillac,MU,2020-04-15 22:47:35,-20.52,57.52,77.0,83,40,12.75
72,Dhidhdhoo,MV,2020-04-15 22:48:16,6.88,73.1,85.21,66,90,5.84
73,Adrar,MR,2020-04-15 22:48:16,20.5,-10.07,81.54,35,9,11.07
74,Ribeira Grande,PT,2020-04-15 22:48:16,38.52,-28.7,55.74,70,53,21.07
75,Russell,US,2020-04-15 22:45:20,32.35,-85.2,66.99,25,1,11.41
76,Forest Lake,US,2020-04-15 22:46:17,45.28,-92.99,36.0,65,75,9.17
77,Brae,GB,2020-04-15 22:48:17,60.4,-1.35,44.6,75,78,16.11
78,Pevek,RU,2020-04-15 22:47:35,69.7,170.31,10.85,93,100,2.39
79,Karratha,AU,2020-04-15 22:48:17,-20.74,116.85,84.06,59,79,8.88
80,San Juan,AR,2020-04-15 22:48:17,-31.54,-68.54,72.5,26,97,5.86
81,Port Lincoln,AU,2020-04-15 22:48:17,-34.73,135.87,63.57,66,21,16.71
82,Ugoofaaru,MV,2020-04-15 22:48:18,5.67,73.0,85.28,68,90,7.4
83,Taltal,CL,2020-04-15 22:48:18,-25.4,-70.48,62.56,74,100,2.53
84,Skjervoy,NO,2020-04-15 22:48:18,70.03,20.97,34.57,85,100,8.95
85,Jining,CN,2020-04-15 22:48:18,35.41,116.58,61.21,79,96,11.97
86,Torbay,CA,2020-04-15 22:48:18,47.67,-52.73,37.99,100,90,13.87
87,Yining,CN,2020-04-15 22:48:19,29.04,114.56,67.87,60,0,3.06
88,Santa Catarina De Tepehuanes,MX,2020-04-15 22:48:19,25.35,-105.73,74.25,8,71,16.28
89,Robertsport,LR,2020-04-15 22:48:19,6.75,-11.37,81.07,83,96,4.99
90,Jumla,NP,2020-04-15 22:48:19,29.27,82.18,46.58,28,21,1.99
91,Deputatskiy,RU,2020-04-15 22:48:19,69.3,139.9,-3.35,85,100,8.61
92,Pisco,PE,2020-04-15 22:48:20,-13.7,-76.22,72.0,30,0,17.22
93,Komsomolskiy,UZ,2020-04-15 22:48:20,40.43,71.72,49.06,51,43,3.69
94,Saint-Augustin,CA,2020-04-15 22:48:20,51.23,-58.65,28.58,92,13,9.69
95,Bethel,US,2020-04-15 22:48:12,41.37,-73.41,52.0,24,1,10.29
96,San Policarpo,PH,2020-04-15 22:48:21,12.18,125.51,83.23,73,74,7.31
97,Yanam,IN,2020-04-15 22:48:21,16.73,82.22,79.0,83,8,5.28
98,Chicama,PE,2020-04-15 22:48:21,-7.84,-79.15,76.73,62,7,7.29
99,Jacareacanga,BR,2020-04-15 22:48:21,-6.22,-57.75,71.42,95,100,2.01
100,Vardo,NO,2020-04-15 22:48:22,70.37,31.11,35.6,69,40,6.93
101,Jadu,LY,2020-04-15 22:48:22,31.95,12.03,70.36,38,100,4.41
102,Tiksi,RU,2020-04-15 22:47:55,71.69,128.87,-3.53,91,100,9.84
103,Luena,AO,2020-04-15 22:48:23,-11.78,19.92,63.34,64,95,4.07
104,Mahebourg,MU,2020-04-15 22:48:23,-20.41,57.7,77.0,83,40,12.75
105,Wagar,SD,2020-04-15 22:48:23,16.15,36.2,65.86,35,42,10.69
106,Isangel,VU,2020-04-15 22:48:23,-19.55,169.27,82.4,78,75,8.34
107,Awjilah,LY,2020-04-15 22:48:23,29.11,21.29,74.88,32,73,10.98
108,Ilulissat,GL,2020-04-15 22:48:24,69.22,-51.1,28.4,58,100,3.36
109,Narsaq,GL,2020-04-15 22:48:24,60.92,-46.05,35.6,80,100,5.82
110,Asfi,MA,2020-04-15 22:45:19,32.3,-9.24,61.56,83,25,9.71
111,Bairiki,KI,2020-04-15 22:48:24,1.33,172.98,86.0,79,75,11.41
112,Dunkirk,FR,2020-04-15 22:48:24,51.05,2.37,48.0,87,46,4.7
113,Laguna,US,2020-04-15 22:48:25,38.42,-121.42,84.99,29,1,6.93
114,Qaanaaq,GL,2020-04-15 22:47:57,77.48,-69.36,6.57,88,56,1.9
115,Alofi,NU,2020-04-15 22:48:25,-19.06,-169.92,84.2,66,75,9.17
116,At-Bashi,KG,2020-04-15 22:48:25,41.17,75.81,40.26,37,100,1.25
117,Victoria,HK,2020-04-15 22:47:17,22.29,114.16,71.01,77,20,3.36
118,Darnah,LY,2020-04-15 22:48:26,32.77,22.64,60.19,76,50,22.26
119,Saskylakh,RU,2020-04-15 22:48:26,71.92,114.08,-2.7,91,99,6.55
120,Yulara,AU,2020-04-15 22:48:26,-25.24,130.99,66.2,25,59,9.17
121,Miri,MY,2020-04-15 22:48:26,4.41,114.01,75.2,100,75,4.36
122,Nakhon Phanom,TH,2020-04-15 22:48:26,17.41,104.78,75.0,79,98,4.43
123,Inuvik,CA,2020-04-15 22:48:27,68.35,-133.72,42.8,48,75,2.24
124,Te Anau,NZ,2020-04-15 22:48:27,-45.42,167.72,52.36,57,44,8.41
125,Venado,MX,2020-04-15 22:46:04,22.93,-101.08,76.87,21,34,10.4
126,Mitsamiouli,KM,2020-04-15 22:48:27,-11.38,43.28,83.14,76,83,11.65
127,Montepuez,MZ,2020-04-15 22:48:28,-13.13,39.0,67.86,86,21,3.56
128,Cabedelo,BR,2020-04-15 22:48:28,-6.98,-34.83,78.8,94,42,3.36
129,Norman Wells,CA,2020-04-15 22:47:34,65.28,-126.83,42.8,48,75,9.17
130,Pozo Colorado,PY,2020-04-15 22:48:28,-23.49,-58.8,61.95,47,0,3.44
131,Tromso,NO,2020-04-15 22:48:28,69.65,18.96,32.0,94,75,12.75
132,Batemans Bay,AU,2020-04-15 22:48:29,-35.72,150.18,73.99,58,100,9.53
133,Tasiilaq,GL,2020-04-15 22:48:29,65.61,-37.64,28.4,86,95,3.36
134,Igarka,RU,2020-04-15 22:48:29,67.47,86.58,21.33,95,42,8.63
135,Cururupu,BR,2020-04-15 22:48:29,-1.83,-44.87,76.75,90,100,2.77
136,Champerico,GT,2020-04-15 22:48:30,14.3,-91.92,86.14,63,63,2.48
137,Valdemarpils,LV,2020-04-15 22:48:30,57.37,22.59,46.4,87,71,17.22
138,Hilo,US,2020-04-15 22:48:30,19.73,-155.09,82.4,54,75,10.29
139,Dawei,MM,2020-04-15 22:48:30,14.08,98.2,79.34,77,85,4.18
140,Gueret,FR,2020-04-15 22:48:31,46.17,1.87,59.0,54,69,9.17
141,Qasigiannguit,GL,2020-04-15 22:48:31,68.82,-51.19,28.4,58,99,3.36
142,Kapaa,US,2020-04-15 22:48:03,22.08,-159.32,80.6,74,20,11.41
143,Karasuk,RU,2020-04-15 22:48:31,53.74,78.04,39.56,78,37,9.37
144,Caravelas,BR,2020-04-15 22:48:31,-17.71,-39.25,78.28,85,68,7.52
145,Bago,MM,2020-04-15 22:48:32,17.34,96.48,73.04,82,55,4.63
146,Mabaruma,GY,2020-04-15 22:48:32,8.2,-59.78,75.99,82,43,6.11
147,Anantnag,IN,2020-04-15 22:44:32,33.73,75.15,50.86,32,55,3.11
148,Cabra,ES,2020-04-15 22:48:32,37.47,-4.44,59.0,93,2,3.36
149,Chokurdakh,RU,2020-04-15 22:48:33,70.63,147.92,-1.77,91,100,8.34
150,Usinsk,RU,2020-04-15 22:47:39,65.99,57.53,32.63,92,87,10.45
151,Klaksvik,FO,2020-04-15 22:47:44,62.23,-6.59,41.0,70,38,16.11
152,Itigi,TZ,2020-04-15 22:48:33,-5.7,34.48,63.37,66,84,6.22
153,Katsuura,JP,2020-04-15 22:48:34,35.13,140.3,55.99,81,75,16.11
154,Mazatlan,MX,2020-04-15 22:48:34,23.22,-106.42,84.2,23,5,8.05
155,Severo-Kurilsk,RU,2020-04-15 22:48:34,50.68,156.12,32.85,92,100,14.7
156,Dunaszentgyorgy,HU,2020-04-15 22:48:34,46.53,18.82,41.68,62,0,6.02
157,Charters Towers,AU,2020-04-15 22:48:35,-20.1,146.27,77.58,54,3,7.67
158,Sahuaripa,MX,2020-04-15 22:48:35,29.05,-109.23,85.59,12,0,11.39
159,Praia Da Vitoria,PT,2020-04-15 22:45:52,38.73,-27.07,55.4,82,40,18.81
160,Dikson,RU,2020-04-15 22:48:35,73.51,80.55,4.71,84,58,3.13
161,Floro,NO,2020-04-15 22:48:36,61.6,5.03,42.8,70,68,16.11
162,Smolenka,RU,2020-04-15 22:48:36,52.14,113.5,26.6,68,29,1.41
163,Blenheim,NZ,2020-04-15 22:48:36,-41.52,173.95,62.01,61,11,9.37
164,Mayo,US,2020-04-15 22:48:36,38.89,-76.51,54.0,40,1,10.29
165,Mana,GF,2020-04-15 22:48:37,5.66,-53.78,76.08,80,2,5.7
166,Kodiak,US,2020-04-15 22:47:44,57.79,-152.41,48.2,81,75,5.82
167,Lompoc,US,2020-04-15 22:44:02,34.64,-120.46,77.0,63,1,13.87
168,Upernavik,GL,2020-04-15 22:48:37,72.79,-56.15,15.64,89,61,7.18
169,Bengkulu,ID,2020-04-15 22:45:07,-3.8,102.27,78.49,81,87,4.38
170,Tilichiki,RU,2020-04-15 22:48:38,60.47,166.1,21.74,95,26,5.57
171,Castro,BR,2020-04-15 22:43:40,-24.79,-50.01,50.99,43,0,0.43
172,Cidreira,BR,2020-04-15 22:48:10,-30.18,-50.21,66.99,56,59,20.49
173,Vao,NC,2020-04-15 22:48:18,-22.67,167.48,74.57,74,64,15.95
174,Sao Jose Da Coroa Grande,BR,2020-04-15 22:48:38,-8.9,-35.15,80.69,82,18,7.56
175,Byron Bay,AU,2020-04-15 22:48:39,-28.65,153.62,75.99,88,3,3.36
176,Augusto Correa,BR,2020-04-15 22:48:39,-1.02,-46.63,75.0,92,100,2.15
177,Jalingo,NG,2020-04-15 22:48:39,8.88,11.37,88.45,41,0,2.59
178,Pangnirtung,CA,2020-04-15 22:48:40,66.15,-65.71,17.6,85,90,10.29
179,Ponta Do Sol,PT,2020-04-15 22:48:40,32.67,-17.1,60.8,67,40,3.36
180,Channel-Port Aux Basques,CA,2020-04-15 22:48:40,47.57,-59.14,33.49,96,100,3.31
181,Carnarvon,AU,2020-04-15 22:48:40,-24.87,113.63,75.2,53,90,12.75
182,Talnakh,RU,2020-04-15 22:47:42,69.49,88.4,14.0,51,0,13.42
183,Ahuimanu,US,2020-04-15 22:48:41,21.44,-157.84,82.4,61,40,10.29
184,Nanhai,CN,2020-04-15 22:48:41,30.13,111.78,64.99,77,0,6.51
185,Tambura,SS,2020-04-15 22:48:41,5.6,27.47,72.59,44,32,0.72
186,Hasaki,JP,2020-04-15 22:48:41,35.73,140.83,52.0,71,75,18.34
187,Cabras,IT,2020-04-15 22:48:42,39.93,8.53,51.96,53,36,9.1
188,Gazli,UZ,2020-04-15 22:48:42,40.13,63.45,54.05,39,5,8.48
189,Abu Kamal,SY,2020-04-15 22:48:42,34.45,40.92,68.58,25,50,5.82
190,Tukrah,LY,2020-04-15 22:48:42,32.53,20.58,59.25,84,44,13.27
191,Quelimane,MZ,2020-04-15 22:48:13,-17.88,36.89,75.9,95,3,4.41
192,Aswan,EG,2020-04-15 22:48:43,24.09,32.91,65.41,37,0,0.74
193,El Vendrell,ES,2020-04-15 22:48:43,41.22,1.53,61.0,93,90,3.36
194,Tharad,IN,2020-04-15 22:48:43,24.4,71.63,77.83,62,11,5.5
195,Namatanai,PG,2020-04-15 22:48:44,-3.67,152.43,82.94,71,99,3.76
196,Nikolskoye,RU,2020-04-15 22:48:44,59.7,30.79,30.2,92,20,4.47
197,Baculin,PH,2020-04-15 22:48:44,7.45,126.58,84.67,66,38,4.92
198,Port Hardy,CA,2020-04-15 22:48:44,50.7,-127.42,55.4,71,20,5.82
199,Vanderhoof,CA,2020-04-15 22:48:44,54.02,-124.02,49.77,48,9,1.77
200,Sola,VU,2020-04-15 22:48:45,-13.88,167.55,77.0,94,90,14.5
201,Santa Vitoria,BR,2020-04-15 22:48:45,-18.84,-50.12,67.3,78,96,5.35
202,Piranshahr,IR,2020-04-15 22:48:45,36.7,45.14,40.53,37,0,6.02
203,Xining,CN,2020-04-15 22:48:45,36.62,101.77,45.03,22,22,2.1
204,Kaga,JP,2020-04-15 22:48:46,36.3,136.31,50.0,71,75,5.82
205,Flinders,AU,2020-04-15 22:48:46,-34.58,150.86,77.0,46,100,14.99
206,Zhicheng,CN,2020-04-15 22:48:46,30.3,111.5,64.99,77,0,1.81
207,Chimore,BO,2020-04-15 22:48:46,-16.98,-65.13,69.85,65,85,1.99
208,Hobyo,SO,2020-04-15 22:48:47,5.35,48.53,83.61,78,53,9.91
209,Luderitz,NA,2020-04-15 22:47:36,-26.65,15.16,57.2,82,0,14.99
210,Shenjiamen,CN,2020-04-15 22:48:47,29.96,122.3,60.04,79,33,15.68
211,Praia,CV,2020-04-15 22:48:47,14.92,-23.51,73.4,69,20,13.87
212,Benguela,AO,2020-04-15 22:48:47,-12.58,13.41,78.04,83,45,1.52
213,Motema,SL,2020-04-15 22:48:48,8.6,-11.03,74.53,74,53,0.87
214,Lorengau,PG,2020-04-15 22:48:48,-2.02,147.27,84.54,68,79,1.72
215,Tevaitoa,PF,2020-04-15 22:48:48,-16.78,-151.5,84.16,65,29,7.92
216,Snezhnogorsk,RU,2020-04-15 22:48:48,69.19,33.25,30.2,74,98,6.71
217,Quebo,GW,2020-04-15 22:48:48,11.33,-14.93,78.8,60,52,4.18
218,Mount Gambier,AU,2020-04-15 22:48:49,-37.83,140.77,57.2,93,90,4.7
219,Tautira,PF,2020-04-15 22:48:49,-17.73,-149.15,89.6,66,21,9.17
220,Guilin,CN,2020-04-15 22:48:49,25.28,110.29,68.0,88,75,4.47
221,Ayan,RU,2020-04-15 22:48:49,56.45,138.17,38.52,72,47,8.43
222,Empalme,MX,2020-04-15 22:48:49,27.97,-110.82,89.01,25,0,8.99
223,Meulaboh,ID,2020-04-15 22:48:50,4.14,96.13,79.25,83,85,4.05
224,Pimentel,PE,2020-04-15 22:48:50,-6.84,-79.93,73.4,75,2,12.5
225,Arandis,NA,2020-04-15 22:48:50,-22.42,14.97,57.99,91,0,3.0
226,Encinitas,US,2020-04-15 22:48:50,33.04,-117.29,81.0,33,1,3.36
227,Luoyang,CN,2020-04-15 22:48:50,34.68,112.45,66.0,99,54,8.63
228,Buin,CL,2020-04-15 22:48:51,-33.73,-70.75,68.0,40,100,4.7
229,Eureka,US,2020-04-15 22:48:51,40.8,-124.16,60.01,71,1,21.92
230,Lingao,CN,2020-04-15 22:48:51,19.91,109.69,71.56,83,100,8.39
231,Bandarbeyla,SO,2020-04-15 22:48:51,9.49,50.81,81.43,76,9,6.69
232,Manokwari,ID,2020-04-15 22:48:52,-0.87,134.08,83.62,65,58,0.98
233,Shetpe,KZ,2020-04-15 22:48:52,44.17,52.12,51.51,40,47,16.33
234,Zhigansk,RU,2020-04-15 22:48:52,66.77,123.37,3.72,90,55,20.07
235,Kibuye,RW,2020-04-15 22:48:52,-2.06,29.35,64.53,51,97,1.01
236,Maceio,BR,2020-04-15 22:46:05,-9.67,-35.74,78.8,88,19,5.82
237,Sergeyevka,KZ,2020-04-15 22:48:53,53.88,67.42,42.4,71,77,10.49
238,Trincomalee,LK,2020-04-15 22:48:53,8.57,81.23,80.35,80,41,4.59
239,Palmer,US,2020-04-15 22:48:53,42.16,-72.33,48.2,24,40,12.75
240,Salcedo,PH,2020-04-15 22:48:53,12.81,121.47,81.52,75,26,3.96
241,Mezen,RU,2020-04-15 22:48:54,65.85,44.24,36.19,84,97,12.53
242,Oranjestad,AW,2020-04-15 22:46:28,12.52,-70.03,82.4,74,40,18.34
243,Lokosovo,RU,2020-04-15 22:48:54,61.13,74.82,36.18,97,100,2.06
244,Coihaique,CL,2020-04-15 22:48:54,-45.58,-72.07,57.2,82,75,3.36
245,Tarko-Sale,RU,2020-04-15 22:48:55,64.92,77.78,23.0,69,3,11.21
246,Soyo,AO,2020-04-15 22:48:55,-6.13,12.37,80.42,85,100,8.66
247,Khilok,RU,2020-04-15 22:48:55,51.37,110.47,40.19,61,98,1.86
248,Sorland,NO,2020-04-15 22:48:55,67.67,12.69,36.1,77,70,13.24
249,Salinopolis,BR,2020-04-15 22:48:56,-0.61,-47.36,79.86,78,94,3.36
250,Samarai,PG,2020-04-15 22:48:56,-10.62,150.67,83.82,75,95,7.92
251,Guerrero Negro,MX,2020-04-15 22:47:55,27.98,-114.06,75.31,28,0,16.91
252,Eyl,SO,2020-04-15 22:48:56,7.98,49.82,82.67,77,13,7.65
253,Arlit,NE,2020-04-15 22:48:56,18.74,7.39,82.71,12,28,2.98
254,Visby,SE,2020-04-15 22:48:56,57.64,18.3,45.0,75,21,18.34
255,Saint-Georges,GD,2020-04-15 22:48:57,12.06,-61.75,82.4,74,20,12.75
256,Constitucion,CL,2020-04-15 22:48:18,-35.33,-72.42,55.11,74,99,3.44
257,Alta,NO,2020-04-15 22:48:57,69.97,23.27,35.6,74,91,20.8
258,Bambous Virieux,MU,2020-04-15 22:48:57,-20.34,57.76,77.0,83,40,12.75
259,Havelock,US,2020-04-15 22:48:57,34.88,-76.9,55.0,58,75,12.75
260,Clyde River,CA,2020-04-15 22:48:58,70.47,-68.59,6.8,84,75,19.46
261,Auki,SB,2020-04-15 22:48:38,-8.77,160.7,85.46,67,99,4.9
262,Tiarei,PF,2020-04-15 22:48:58,-17.53,-149.33,89.6,66,15,9.17
263,Cherskiy,RU,2020-04-15 22:48:58,68.75,161.3,7.99,92,89,4.23
264,San Patricio,MX,2020-04-15 22:47:59,19.22,-104.7,80.6,78,20,11.41
265,Arraial Do Cabo,BR,2020-04-15 22:48:59,-22.97,-42.03,77.0,88,40,5.82
266,Mattru,SL,2020-04-15 22:48:59,7.62,-11.83,78.64,88,92,1.63
267,Inyonga,TZ,2020-04-15 22:48:59,-6.72,32.07,66.07,69,93,4.09
268,Comodoro Rivadavia,AR,2020-04-15 22:46:45,-45.87,-67.5,66.2,55,88,5.82
269,Kothapet,IN,2020-04-15 22:48:59,19.33,79.48,80.47,32,0,6.55
270,Saint-Pierre,RE,2020-04-15 22:49:00,-21.34,55.48,75.2,73,40,6.93
271,Faanui,PF,2020-04-15 22:49:00,-16.48,-151.75,83.52,66,50,8.77
272,Kathmandu,NP,2020-04-15 22:45:50,27.72,85.32,62.6,82,20,3.36
273,Ossora,RU,2020-04-15 22:49:00,59.24,163.07,29.41,97,100,4.56
274,Cabo San Lucas,MX,2020-04-15 22:48:33,22.89,-109.91,82.0,41,5,9.17
275,Mar Del Plata,AR,2020-04-15 22:45:53,-38.0,-57.56,59.0,71,20,6.93
276,Tuatapere,NZ,2020-04-15 22:49:01,-46.13,167.68,51.01,73,54,15.99
277,Port Alfred,ZA,2020-04-15 22:49:01,-33.59,26.89,60.01,90,33,3.0
278,Pangody,RU,2020-04-15 22:49:01,65.85,74.49,12.22,90,0,11.03
279,Beyneu,KZ,2020-04-15 22:47:54,45.32,55.2,50.63,43,16,17.09
280,Georgetown,MY,2020-04-15 22:49:02,5.41,100.34,78.8,94,40,2.24
281,Joshimath,IN,2020-04-15 22:49:02,30.57,79.57,46.63,23,12,6.49
282,North Bend,US,2020-04-15 22:49:02,43.41,-124.22,62.01,76,20,13.87
283,Mandan,US,2020-04-15 22:47:43,46.83,-100.89,39.2,29,40,11.41
284,Ndele,CF,2020-04-15 22:49:02,8.41,20.65,77.23,17,22,3.11
285,Minab,IR,2020-04-15 22:47:28,27.15,57.08,68.0,88,75,6.93
286,Ponta Delgada,PT,2020-04-15 22:47:08,37.73,-25.67,55.4,76,20,13.87
287,Saiha,IN,2020-04-15 22:47:08,22.48,92.97,64.71,71,90,3.4
288,Nizhniy Odes,RU,2020-04-15 22:49:03,63.64,54.86,32.65,90,66,13.18
289,Kapoeta,SS,2020-04-15 22:49:03,4.77,33.59,78.75,51,95,2.39
290,Touros,BR,2020-04-15 22:49:04,-5.2,-35.46,77.0,88,40,4.7
291,Shumskiy,RU,2020-04-15 22:49:04,54.83,99.13,43.03,52,68,2.77
292,Puksoozero,RU,2020-04-15 22:49:04,62.59,40.61,33.91,93,100,6.22
293,Buraydah,SA,2020-04-15 22:49:04,26.33,43.98,62.6,67,0,6.93
294,Leningradskiy,RU,2020-04-15 22:49:04,69.38,178.42,19.11,95,100,2.95
295,Havoysund,NO,2020-04-15 22:49:05,71.0,24.66,35.6,80,99,17.22
296,Lagoa,PT,2020-04-15 22:49:05,39.05,-27.98,56.44,70,3,20.54
297,Cabacao,PH,2020-04-15 22:49:05,13.34,120.66,81.72,70,4,4.03
298,Berlevag,NO,2020-04-15 22:49:05,70.86,29.09,32.85,91,15,15.99
299,Coolum Beach,AU,2020-04-15 22:49:05,-26.53,153.1,72.0,84,0,1.1
300,Yokadouma,CM,2020-04-15 22:49:06,3.52,15.05,76.05,63,44,0.81
301,Mill Valley,US,2020-04-15 22:49:06,37.91,-122.55,84.99,53,1,13.87
302,Esperance,AU,2020-04-15 22:49:06,-33.87,121.9,57.2,87,90,6.93
303,Bintulu,MY,2020-04-15 22:49:06,3.17,113.03,75.2,100,75,3.44
304,Murray Bridge,AU,2020-04-15 22:49:07,-35.12,139.27,66.0,82,9,5.01
305,Kamina,CD,2020-04-15 22:49:07,-8.74,24.99,66.58,69,69,0.74
306,Petropavlovsk-Kamchatskiy,RU,2020-04-15 22:49:07,53.05,158.65,33.8,59,100,2.24
307,West Wendover,US,2020-04-15 22:47:40,40.74,-114.07,62.6,23,90,17.22
308,Arroyo,ES,2020-04-15 22:49:08,41.61,-4.8,52.0,93,75,5.82
309,Taicheng,CN,2020-04-15 22:49:08,38.73,113.23,45.73,31,1,17.54
310,The Pas,CA,2020-04-15 22:49:08,53.83,-101.25,30.2,46,1,12.75
311,Scarborough,GB,2020-04-15 22:44:51,54.28,-0.4,51.01,70,43,1.12
312,Xixiang,CN,2020-04-15 22:49:08,35.16,112.86,66.0,99,56,7.83
313,Tambovka,RU,2020-04-15 22:49:08,50.1,128.05,30.2,68,0,2.93
314,Lufilufi,WS,2020-04-15 22:48:29,-13.87,-171.6,84.63,74,94,13.11
315,Port Blair,IN,2020-04-15 22:48:17,11.67,92.75,82.35,75,85,2.35
316,Clarksburg,US,2020-04-15 22:46:44,39.28,-80.34,50.0,29,20,16.11
317,Chuy,UY,2020-04-15 22:47:51,-33.7,-53.46,62.06,77,65,19.55
318,Obukhiv,UA,2020-04-15 22:49:09,50.11,30.62,43.0,78,90,11.18
319,Geraldton,AU,2020-04-15 22:49:10,-28.77,114.6,55.4,87,0,6.93
320,Suslovo,RU,2020-04-15 22:49:10,56.22,88.12,38.17,75,48,10.45
321,El Alto,PE,2020-04-15 22:49:10,-4.27,-81.21,72.82,76,68,10.27
322,Provideniya,RU,2020-04-15 22:47:55,64.38,-173.3,30.2,80,90,13.42
323,Shubarkuduk,KZ,2020-04-15 22:49:10,49.14,56.49,45.34,53,81,20.36
324,Aitape,PG,2020-04-15 22:49:11,-3.14,142.35,84.78,70,60,3.53
325,Salalah,OM,2020-04-15 22:49:11,17.02,54.09,82.4,74,20,8.05
326,Lebanon,US,2020-04-15 22:49:11,36.21,-86.29,61.0,22,1,14.99
327,Tucumcari,US,2020-04-15 22:49:11,35.17,-103.72,69.8,12,1,18.34
328,Poopo,BO,2020-04-15 22:48:10,-18.37,-66.97,49.12,10,0,4.72
329,Awbari,LY,2020-04-15 22:49:12,26.59,12.78,79.27,27,99,14.12
330,Srednekolymsk,RU,2020-04-15 22:49:12,67.45,153.68,4.62,93,58,12.86
331,Kolaras,IN,2020-04-15 22:49:12,25.23,77.6,78.87,19,0,6.85
332,Kolyvan,RU,2020-04-15 22:49:12,55.31,82.74,35.6,74,25,8.95
333,Kulachi,PK,2020-04-15 22:49:12,31.93,70.46,77.56,22,100,8.86
334,Nanortalik,GL,2020-04-15 22:47:58,60.14,-45.24,35.47,94,100,13.31
335,Horana,LK,2020-04-15 22:49:13,6.72,80.06,75.2,100,5,2.24
336,Tahta,EG,2020-04-15 22:49:13,26.77,31.5,69.57,26,0,6.85
337,Sabha,LY,2020-04-15 22:49:13,27.04,14.43,81.52,26,99,18.61
338,Rawson,AR,2020-04-15 22:49:13,-43.3,-65.1,64.22,55,97,13.35
339,Aksu,CN,2020-04-15 22:49:14,41.12,80.26,63.16,23,100,4.83
340,Kavaratti,IN,2020-04-15 22:49:14,10.57,72.64,83.57,69,91,2.19
341,Adela,PH,2020-04-15 22:49:14,12.44,120.97,85.89,57,5,2.57
342,Marzuq,YE,2020-04-15 22:49:14,14.4,46.47,73.35,50,72,1.43
343,Gusau,NG,2020-04-15 22:49:14,12.16,6.66,82.13,12,0,9.08
344,Marsa Matruh,EG,2020-04-15 22:49:15,31.35,27.25,63.43,81,23,18.3
345,Minas De Barroteran,MX,2020-04-15 22:49:15,27.63,-101.28,66.04,40,63,8.39
346,Mao,ES,2020-04-15 22:49:15,39.89,4.27,60.8,77,100,17.22
347,Kokopo,PG,2020-04-15 22:48:12,-4.35,152.26,83.89,67,99,2.57
348,Corinto,GR,2020-04-15 22:49:15,37.94,22.96,52.0,76,75,12.75
349,Tubuala,PA,2020-04-15 22:49:16,9.52,-79.03,80.6,78,40,11.41
350,Ahipara,NZ,2020-04-15 22:49:16,-35.17,173.17,64.63,77,29,18.9
351,Fortuna,US,2020-04-15 22:47:37,40.6,-124.16,62.01,82,1,19.46
352,Baillif,GP,2020-04-15 22:49:16,16.02,-61.75,80.6,65,40,12.75
353,Vysokogornyy,RU,2020-04-15 22:49:16,50.12,139.15,35.04,63,0,4.68
354,Dosso,NE,2020-04-15 22:49:17,13.05,3.19,81.64,14,11,1.61
355,Ust-Kuyga,RU,2020-04-15 22:49:17,70.02,135.6,0.52,89,100,11.65
356,Eydhafushi,MV,2020-04-15 22:49:17,5.1,73.07,85.24,70,98,7.83
357,Vila Franca Do Campo,PT,2020-04-15 22:49:17,37.72,-25.43,55.4,76,20,13.87
358,Quang Ngai,VN,2020-04-15 22:49:17,15.12,108.8,76.12,81,77,4.74
359,Makaha,US,2020-04-15 22:49:18,21.47,-158.22,82.4,57,20,12.75
360,Puerto Maldonado,PE,2020-04-15 22:49:18,-12.6,-69.18,66.25,89,99,1.61
361,Hamilton,US,2020-04-15 22:46:27,39.18,-84.53,46.4,61,75,11.41
362,Vestmannaeyjar,IS,2020-04-15 22:47:39,63.44,-20.27,39.29,74,82,11.05
363,Namtsy,RU,2020-04-15 22:49:18,62.72,129.67,15.8,56,9,15.66
364,Strezhevoy,RU,2020-04-15 22:49:19,60.73,77.59,37.4,93,90,6.71
365,Cootamundra,AU,2020-04-15 22:49:19,-34.65,148.03,64.99,78,98,1.99
366,Bida,NG,2020-04-15 22:49:19,9.08,6.02,88.79,46,1,7.11
367,Man,CI,2020-04-15 22:49:19,7.41,-7.55,73.38,84,55,1.32
368,Krosno Odrzanskie,PL,2020-04-15 22:49:20,52.05,15.1,48.99,41,2,7.85
369,Santa Cruz,BO,2020-04-15 22:45:45,-17.8,-63.17,77.0,38,75,10.29
370,San Felipe,VE,2020-04-15 22:48:21,10.34,-68.74,72.68,72,6,4.0
371,Safakulevo,RU,2020-04-15 22:49:20,54.99,62.54,43.41,68,69,14.34
372,Bima,ID,2020-04-15 22:49:20,-8.47,118.72,81.37,81,100,2.73
373,Sandane,NO,2020-04-15 22:49:21,61.77,6.21,42.8,85,75,27.51
374,Barranca,PE,2020-04-15 22:49:21,-10.75,-77.77,73.71,72,22,7.43
375,Twentynine Palms,US,2020-04-15 22:49:21,34.14,-116.05,87.8,8,1,5.19
376,Ola,RU,2020-04-15 22:49:21,59.58,151.28,23.11,93,92,0.98
377,Coquimbo,CL,2020-04-15 22:47:44,-29.95,-71.34,62.6,67,100,9.17
378,Matay,EG,2020-04-15 22:49:22,28.42,30.78,71.38,21,44,5.91
379,Jalu,LY,2020-04-15 22:49:22,29.03,21.55,74.17,32,68,7.18
380,Grindavik,IS,2020-04-15 22:49:22,63.84,-22.43,39.2,80,75,8.05
381,Baker City,US,2020-04-15 22:49:22,44.77,-117.83,55.4,35,75,26.4
382,Bathsheba,BB,2020-04-15 22:49:22,13.22,-59.52,80.6,69,40,16.11
383,Bam,IR,2020-04-15 22:49:23,29.11,58.36,66.18,38,100,1.63
384,Haines Junction,CA,2020-04-15 22:48:07,60.75,-137.51,44.01,66,99,6.85
385,Poya,NC,2020-04-15 22:49:23,-21.35,165.15,79.21,72,1,12.71
386,Takoradi,GH,2020-04-15 22:49:24,4.88,-1.76,82.08,83,99,4.74
387,Paita,PE,2020-04-15 22:49:24,-5.09,-81.11,75.11,71,41,12.97
388,Victoria Point,AU,2020-04-15 22:46:45,-27.58,153.3,75.99,82,20,8.05
389,Kirs,RU,2020-04-15 22:49:24,59.34,52.24,44.58,81,100,14.54
390,Sabla,NG,2020-04-15 22:49:24,12.75,4.71,85.73,11,11,6.31
391,Ixtapa,MX,2020-04-15 22:48:49,20.7,-105.2,77.0,61,5,12.75
392,Naze,JP,2020-04-15 22:49:25,28.37,129.48,66.2,67,40,8.05
393,Weston,US,2020-04-15 22:48:12,26.1,-80.4,91.99,52,20,14.99
394,Magaria,NE,2020-04-15 22:49:25,13.0,8.91,79.43,13,0,8.63
395,Jibuti,DJ,2020-04-15 22:49:26,11.5,42.5,84.2,74,20,4.59
396,Alyangula,AU,2020-04-15 22:49:26,-13.85,136.42,75.2,100,4,9.71
397,Sao Filipe,CV,2020-04-15 22:49:26,14.9,-24.5,72.5,76,61,13.33
398,Ewa Beach,US,2020-04-15 22:49:26,21.32,-158.01,82.4,51,40,17.22
399,Roverud,NO,2020-04-15 22:49:26,60.25,12.05,50.0,49,28,12.75
400,Shadegan,IR,2020-04-15 22:49:27,30.65,48.66,69.8,60,75,6.22
401,Rogongon,PH,2020-04-15 22:49:27,8.23,124.33,83.88,63,66,1.1
402,Jizan,SA,2020-04-15 22:49:27,17.33,42.67,84.2,74,12,9.17
403,Lukulu,ZM,2020-04-15 22:49:27,-14.37,23.24,66.67,62,71,3.56
404,Ocampo,MX,2020-04-15 22:49:27,21.65,-101.5,78.06,7,52,17.9
405,Severnyy-Kospashskiy,RU,2020-04-15 22:49:28,59.09,57.8,36.25,83,100,9.06
406,Marawi,PH,2020-04-15 22:49:28,8.0,124.29,78.04,59,59,1.9
407,Yamada,JP,2020-04-15 22:49:28,39.47,141.95,45.05,59,7,13.11
408,Ishinomaki,JP,2020-04-15 22:49:28,38.42,141.3,44.6,52,75,11.41
409,Atar,MR,2020-04-15 22:49:28,20.52,-13.05,70.57,21,0,2.57
410,Taketa,JP,2020-04-15 22:49:29,32.97,131.38,57.2,81,80,2.24
411,Ihosy,MG,2020-04-15 22:49:29,-22.4,46.12,66.24,71,70,7.85
412,Choctaw,US,2020-04-15 22:49:29,35.5,-97.27,64.0,29,1,14.99
413,Puerto Suarez,BO,2020-04-15 22:49:29,-18.95,-57.8,63.99,52,13,3.96
414,Kargasok,RU,2020-04-15 22:49:29,59.06,80.86,32.63,94,75,8.28
415,Nalchiti,BD,2020-04-15 22:49:30,22.63,90.28,76.39,87,33,6.89
416,Zaqatala,AZ,2020-04-15 22:49:30,41.63,46.64,51.8,66,40,11.41
417,Gazojak,TM,2020-04-15 22:49:30,41.19,61.4,54.61,35,0,8.39
418,Svetlogorsk,BY,2020-04-15 22:48:03,52.63,29.73,38.89,83,79,13.73
419,Hirara,JP,2020-04-15 22:49:31,24.8,125.28,68.0,72,20,4.7
420,Sitka,US,2020-04-15 22:48:52,57.05,-135.33,46.4,93,90,3.36
421,Chippewa Falls,US,2020-04-15 22:49:31,44.94,-91.39,33.01,42,90,12.75
422,Tamiahua,MX,2020-04-15 22:45:06,21.27,-97.45,73.11,84,100,11.97
423,Bucerias,MX,2020-04-15 22:49:31,20.75,-105.33,77.0,61,5,12.75
424,Leh,IN,2020-04-15 22:49:32,34.17,77.58,31.1,20,27,5.55
425,Lancaster,US,2020-04-15 22:49:32,40.25,-76.25,52.0,29,1,5.82
426,Mikhaylov,RU,2020-04-15 22:49:32,54.23,39.02,36.0,60,96,5.99
427,College,US,2020-04-15 22:49:32,64.86,-147.8,51.8,42,75,2.13
428,Nuuk,GL,2020-04-15 22:49:32,64.18,-51.72,30.2,92,98,19.46
429,Vengerovo,RU,2020-04-15 22:49:33,55.68,76.75,34.03,87,18,8.59
430,Teahupoo,PF,2020-04-15 22:49:33,-17.83,-149.27,89.6,66,24,9.17
431,Pandan,PH,2020-04-15 22:49:33,14.05,124.17,80.98,79,32,6.55
432,Sesheke,ZM,2020-04-15 22:49:33,-17.48,24.3,66.2,100,32,1.12
433,Korla,CN,2020-04-15 22:48:20,41.76,86.15,61.48,29,100,9.64
434,Paranaiba,BR,2020-04-15 22:49:34,-19.68,-51.19,65.26,67,91,5.32
435,Peniche,PT,2020-04-15 22:49:34,39.36,-9.38,57.99,93,20,6.93
436,Svetlaya,RU,2020-04-15 22:49:34,46.54,138.33,39.42,71,0,2.13
437,Jinzhou,CN,2020-04-15 22:49:34,41.11,121.14,53.02,59,100,13.71
438,Nome,US,2020-04-15 22:49:35,64.5,-165.41,36.0,93,90,3.36
439,Huarmey,PE,2020-04-15 22:49:35,-10.07,-78.15,74.88,69,8,6.71
440,Rio Grande,BR,2020-04-15 22:49:35,-32.03,-52.1,66.0,71,83,5.01
441,Yumen,CN,2020-04-15 22:49:35,40.28,97.2,51.12,24,88,17.45
442,Lundazi,ZM,2020-04-15 22:49:35,-12.29,33.18,64.4,65,41,7.81
443,Sabang,ID,2020-04-15 22:49:35,5.89,95.32,82.44,75,54,1.59
444,Posse,BR,2020-04-15 22:48:12,-14.09,-46.37,66.29,79,100,1.23
445,Torrington,US,2020-04-15 22:49:36,41.8,-73.12,51.01,28,40,6.93
446,Axim,GH,2020-04-15 22:49:36,4.87,-2.24,81.73,84,96,5.88
447,Sangar,RU,2020-04-15 22:49:36,63.92,127.47,13.73,86,0,4.5
448,High Level,CA,2020-04-15 22:49:36,58.52,-117.14,37.4,59,20,9.17
449,Loukhi,RU,2020-04-15 22:49:37,66.08,33.04,25.29,96,100,4.7
450,Sri Aman,MY,2020-04-15 22:49:37,1.24,111.46,77.0,100,82,0.98
451,Bull Savanna,JM,2020-04-15 22:49:37,17.89,-77.59,76.15,75,18,5.48
452,Marsaxlokk,MT,2020-04-15 22:49:37,35.84,14.54,57.99,87,75,11.41
453,Buchanan,LR,2020-04-15 22:49:38,5.88,-10.05,80.6,94,40,4.03
454,Yima,CN,2020-04-15 22:49:38,34.74,111.88,66.0,99,43,12.5
455,Poum,NC,2020-04-15 22:49:38,-20.23,164.02,79.02,76,16,13.38
456,Surt,LY,2020-04-15 22:49:39,31.21,16.59,64.99,73,91,7.58
457,Mandurah,AU,2020-04-15 22:48:19,-32.55,115.7,55.0,100,3,4.7
458,Dalby,AU,2020-04-15 22:49:39,-27.18,151.27,64.4,88,1,4.7
459,Fairbanks,US,2020-04-15 22:47:52,64.84,-147.72,51.8,40,20,4.7
460,Kashi,CN,2020-04-15 22:49:39,39.45,75.98,60.8,29,55,11.18
461,Foindu,SL,2020-04-15 22:49:40,7.41,-11.54,78.84,88,84,1.77
462,Cuenca,EC,2020-04-15 22:45:24,-2.88,-78.98,66.2,63,40,4.7
463,Pringsewu,ID,2020-04-15 22:49:40,-5.36,104.97,74.82,88,100,1.32
464,Bereda,ES,2020-04-15 22:49:40,43.27,-7.54,54.0,93,64,8.05
465,Teya,RU,2020-04-15 22:48:09,60.38,92.63,38.86,77,59,2.33
466,Maningrida,AU,2020-04-15 22:49:41,-12.07,134.27,80.67,78,93,10.07
467,Bafilo,TG,2020-04-15 22:49:41,9.35,1.27,83.14,44,38,3.67
468,Los Llanos De Aridane,ES,2020-04-15 22:49:41,28.66,-17.92,69.8,49,0,10.29
469,Aykhal,RU,2020-04-15 22:49:41,66.0,111.5,5.0,71,23,6.71
470,Ilhabela,BR,2020-04-15 22:48:02,-23.78,-45.36,72.59,75,100,3.22
471,Knysna,ZA,2020-04-15 22:49:42,-34.04,23.05,59.0,77,85,3.36
472,Waingapu,ID,2020-04-15 22:49:42,-9.66,120.26,81.93,80,99,9.75
473,Cortes,ES,2020-04-15 22:49:42,41.94,-1.44,55.4,82,40,9.17
474,Colac,AU,2020-04-15 22:49:42,-38.33,143.58,60.01,95,63,4.0
475,Coxim,BR,2020-04-15 22:49:42,-18.51,-54.76,69.17,62,4,7.02
476,Roald,NO,2020-04-15 22:49:43,62.58,6.13,41.0,68,58,16.11
477,Dingle,PH,2020-04-15 22:47:33,11.0,122.67,82.98,71,88,7.78
478,Richards Bay,ZA,2020-04-15 22:49:43,-28.78,32.04,70.03,78,97,3.18
479,Pithoragarh,IN,2020-04-15 22:49:43,29.58,80.22,55.35,34,0,3.56
480,Sao Gabriel Da Cachoeira,BR,2020-04-15 22:49:43,-0.13,-67.09,75.0,93,63,2.39
481,Bonnyville,CA,2020-04-15 22:49:43,54.27,-110.73,33.8,69,90,5.82
482,San Quintin,MX,2020-04-15 22:49:44,30.48,-115.95,68.27,51,0,12.01
483,Ostrovnoy,RU,2020-04-15 22:48:01,68.05,39.51,34.38,95,100,5.66
484,Morro Bay,US,2020-04-15 22:49:44,35.37,-120.85,79.0,37,1,17.22
485,Bloemhof,ZA,2020-04-15 22:49:44,-27.65,25.61,53.06,28,2,4.18
486,Ghorawal,IN,2020-04-15 22:49:44,24.77,82.78,81.9,22,49,6.26
487,Tazmalt,DZ,2020-04-15 22:49:45,36.39,4.4,64.4,82,76,4.7
488,Novikovo,RU,2020-04-15 22:49:45,51.15,37.89,37.54,75,100,12.57
489,Rantepao,ID,2020-04-15 22:49:45,-2.97,119.9,69.98,73,100,1.57
490,Colares,PT,2020-04-15 22:49:45,38.8,-9.45,61.0,93,20,6.93
491,Gao,ML,2020-04-15 22:49:46,16.64,1.64,87.42,14,98,16.64
492,Tongliao,CN,2020-04-15 22:49:46,43.61,122.27,57.0,34,100,5.64
493,Keti Bandar,PK,2020-04-15 22:49:46,24.14,67.45,78.33,77,18,10.76
494,Inirida,CO,2020-04-15 22:49:46,3.87,-67.92,79.36,65,26,1.3
495,Zaysan,KZ,2020-04-15 22:49:47,47.47,84.87,43.63,63,100,3.98
496,Port Hedland,AU,2020-04-15 22:47:44,-20.32,118.57,77.0,94,98,5.82
497,Baykit,RU,2020-04-15 22:49:47,61.67,96.37,37.33,84,78,2.08
498,Codrington,AU,2020-04-15 22:49:47,-38.27,141.97,60.57,75,29,18.37
499,Beringovskiy,RU,2020-04-15 22:49:47,63.05,179.32,27.03,97,99,10.47
500,Estevan,CA,2020-04-15 22:49:45,49.13,-102.98,39.99,27,75,14.99
501,Aquidauana,BR,2020-04-15 22:49:48,-20.47,-55.79,61.25,60,0,4.09
502,Narok,KE,2020-04-15 22:49:48,-1.08,35.86,59.38,50,99,2.13
503,Longyearbyen,SJ,2020-04-15 22:49:48,78.22,15.64,33.8,74,40,27.51
504,Abashiri,JP,2020-04-15 22:46:34,44.02,144.27,31.57,93,100,14.61
505,Puerto Leguizamo,CO,2020-04-15 22:49:49,-0.19,-74.78,80.89,61,34,1.92
506,Tianpeng,CN,2020-04-15 22:49:49,30.99,103.94,71.01,72,13,2.24
507,Konstantinovsk,RU,2020-04-15 22:49:49,47.58,41.09,37.11,83,36,9.24
508,Port Keats,AU,2020-04-15 22:49:49,-14.25,129.55,82.65,64,99,6.67
509,Lata,PT,2020-04-15 22:49:49,40.16,-8.33,57.99,82,20,9.17
510,Santa Fe,AR,2020-04-15 22:49:50,-31.63,-60.7,66.99,57,0,6.13
511,Jardinopolis,BR,2020-04-15 22:49:50,-21.02,-47.76,75.2,64,100,3.36
512,Kattivakkam,IN,2020-04-15 22:49:50,13.22,80.32,82.4,78,0,2.24
513,Campos Altos,BR,2020-04-15 22:49:50,-19.7,-46.17,65.19,71,99,1.12
514,Biak,ID,2020-04-15 22:49:51,-0.91,122.88,81.57,68,98,2.15
515,Bac Lieu,VN,2020-04-15 22:49:51,9.29,105.72,82.6,78,42,12.97
516,Cordoba,AR,2020-04-15 22:47:38,-31.41,-64.18,71.01,52,1,8.05
517,Marsh Harbour,BS,2020-04-15 22:49:51,26.54,-77.06,78.03,84,87,12.77
518,Bay Roberts,CA,2020-04-15 22:49:51,47.6,-53.26,37.99,100,90,13.87
519,Rocha,UY,2020-04-15 22:49:52,-34.48,-54.33,61.05,80,73,16.06
520,Kangaatsiaq,GL,2020-04-15 22:49:52,68.31,-53.46,31.33,94,97,16.91
521,Blackwater,AU,2020-04-15 22:49:52,-23.58,148.88,76.05,51,0,8.79
522,Okha,RU,2020-04-15 22:49:52,53.57,142.95,32.38,93,35,7.16
523,Oblivskaya,RU,2020-04-15 22:49:52,48.54,42.5,37.72,77,36,11.61
524,Anadyr,RU,2020-04-15 22:49:52,64.75,177.48,17.6,85,75,6.71
525,Grand Forks,US,2020-04-15 22:49:53,47.93,-97.03,35.01,70,75,10.29
526,Las Cruces,US,2020-04-15 22:47:21,32.31,-106.78,73.99,10,1,8.05
527,Necochea,AR,2020-04-15 22:49:53,-38.55,-58.74,55.0,79,0,4.0
528,Mubarakpur,IN,2020-04-15 22:49:53,26.09,83.29,78.55,36,6,4.92
529,Pestovo,RU,2020-04-15 22:49:54,58.59,35.8,30.7,94,6,6.76
530,Energetik,RU,2020-04-15 22:49:54,51.74,58.79,44.51,55,98,14.58
531,Hay River,CA,2020-04-15 22:49:54,60.82,-115.8,33.8,59,20,9.17
532,Corsicana,US,2020-04-15 22:49:54,32.1,-96.47,64.99,48,1,3.71
533,Dargaville,NZ,2020-04-15 22:49:54,-35.93,173.88,65.53,72,37,13.76
534,Manta,EC,2020-04-15 22:49:55,-0.95,-80.73,84.2,79,77,11.41
535,Asau,RO,2020-04-15 22:49:55,46.43,26.4,46.4,52,6,1.12
536,Olinda,BR,2020-04-15 22:49:55,-8.01,-34.86,82.4,78,40,4.7
537,Saint Anthony,US,2020-04-15 22:48:04,45.02,-93.22,36.0,31,75,126.61
538,Gol,NO,2020-04-15 22:49:56,60.7,8.95,34.0,76,8,28.01
539,Husavik,IS,2020-04-15 22:49:56,66.04,-17.34,33.8,74,75,9.17
540,Trinidad,BO,2020-04-15 22:49:56,-14.83,-64.9,71.6,78,75,4.61
541,Rio Branco,BR,2020-04-15 22:49:56,-9.97,-67.81,73.4,100,75,5.82
542,Guane,CU,2020-04-15 22:49:56,22.2,-84.09,81.07,75,89,8.37
543,Schwabisch Gmund,DE,2020-04-15 22:49:57,48.8,9.8,48.0,42,69,4.7
