City_ID,City,Country,Date,Lat,Lng,Max Temp,Humidity,Cloudiness,Wind Speed,Current Description,Rain inches (last 3 hours),Snow inches (last 3 hours)
0,Duku,NG,2020-04-20 00:14:38,11.24,4.91,88.56,43,63,10.07,broken clouds,0.0,0.0
1,Jalu,LY,2020-04-20 00:14:38,29.03,21.55,71.15,24,38,8.03,scattered clouds,0.0,0.0
2,Yamada,JP,2020-04-20 00:14:06,39.47,141.95,47.59,89,100,9.35,light rain,1.17,0.0
3,Ushuaia,AR,2020-04-20 00:13:00,-54.8,-68.3,41.0,86,90,27.51,overcast clouds,0.0,0.0
4,Kavaratti,IN,2020-04-20 00:14:39,10.57,72.64,85.08,69,42,5.19,scattered clouds,0.0,0.0
5,Saskylakh,RU,2020-04-20 00:12:06,71.92,114.08,17.15,95,2,3.6,clear sky,0.0,0.0
6,Beaverton,US,2020-04-20 00:11:46,45.49,-122.8,64.99,54,1,3.36,clear sky,0.0,0.0
7,Kapaa,US,2020-04-20 00:10:35,22.08,-159.32,80.6,61,1,10.29,clear sky,0.0,0.0
8,Bredasdorp,ZA,2020-04-20 00:14:40,-34.53,20.04,54.0,87,6,4.7,clear sky,0.0,0.0
9,Rikitea,PF,2020-04-20 00:14:40,-23.12,-134.97,77.07,67,100,5.99,overcast clouds,0.0,0.0
10,Barahona,DO,2020-04-20 00:14:40,18.21,-71.1,78.87,73,3,5.01,clear sky,0.0,0.0
11,Zhigansk,RU,2020-04-20 00:14:41,66.77,123.37,17.51,93,100,8.59,overcast clouds,0.0,0.0
12,Gabu,GW,2020-04-20 00:14:41,12.28,-14.22,80.31,51,82,7.56,broken clouds,0.0,0.0
13,San Rafael,AR,2020-04-20 00:14:25,-34.62,-68.33,66.72,34,1,5.08,clear sky,0.0,0.0
14,Bar Harbor,US,2020-04-20 00:14:41,44.39,-68.2,46.0,70,1,13.87,clear sky,0.0,0.0
15,Georgetown,MY,2020-04-20 00:13:16,5.41,100.34,80.6,94,20,3.91,few clouds,0.0,0.0
16,Arlit,NE,2020-04-20 00:14:42,18.74,7.39,82.33,12,79,2.08,broken clouds,0.0,0.0
17,Busselton,AU,2020-04-20 00:14:42,-33.65,115.33,62.01,60,78,20.2,broken clouds,0.0,0.0
18,Yatou,CN,2020-04-20 00:14:42,37.15,122.38,52.29,73,56,20.96,light rain,0.12,0.0
19,Lebu,CL,2020-04-20 00:12:59,-37.62,-73.65,55.83,74,100,9.84,overcast clouds,0.0,0.0
20,Cape Town,ZA,2020-04-20 00:12:41,-33.93,18.42,63.0,82,75,20.8,broken clouds,0.0,0.0
21,Atuona,PF,2020-04-20 00:14:43,-9.8,-139.03,82.89,73,38,12.97,scattered clouds,0.0,0.0
22,Castro,BR,2020-04-20 00:13:11,-24.79,-50.01,57.07,70,34,5.88,scattered clouds,0.0,0.0
23,Puerto Ayora,EC,2020-04-20 00:14:44,-0.74,-90.35,80.01,85,86,8.99,light rain,0.11,0.0
24,Jamestown,US,2020-04-20 00:14:45,42.1,-79.24,44.6,81,75,13.87,broken clouds,0.0,0.0
25,Severo-Kurilsk,RU,2020-04-20 00:13:25,50.68,156.12,30.97,91,73,9.89,broken clouds,0.0,0.0
26,Punta Arenas,CL,2020-04-20 00:14:08,-53.15,-70.92,42.8,78,20,23.04,few clouds,0.0,0.0
27,Valdivia,CL,2020-04-20 00:13:39,-39.81,-73.25,51.8,100,94,3.36,overcast clouds,0.0,0.0
28,Yellowknife,CA,2020-04-20 00:13:05,62.46,-114.35,26.6,53,40,20.8,scattered clouds,0.0,0.0
29,Avarua,CK,2020-04-20 00:14:46,-21.21,-159.78,84.2,66,2,8.05,clear sky,0.0,0.0
30,Katsuura,JP,2020-04-20 00:14:46,35.13,140.3,51.8,93,75,6.93,shower rain,0.0,0.0
31,Namatanai,PG,2020-04-20 00:14:46,-3.67,152.43,83.53,75,78,6.06,light rain,0.32,0.0
32,Carnarvon,AU,2020-04-20 00:14:46,-24.87,113.63,71.6,83,49,11.41,scattered clouds,0.0,0.0
33,Geraldton,AU,2020-04-20 00:14:46,-28.77,114.6,59.0,82,0,12.75,clear sky,0.0,0.0
34,Marsa Matruh,EG,2020-04-20 00:14:47,31.35,27.25,53.6,76,0,1.77,clear sky,0.0,0.0
35,Tuktoyaktuk,CA,2020-04-20 00:14:47,69.45,-133.04,10.4,85,90,10.29,light snow,0.0,0.0
36,Taoudenni,ML,2020-04-20 00:14:47,22.68,-3.98,77.97,21,0,6.42,clear sky,0.0,0.0
37,Torbay,CA,2020-04-20 00:14:47,47.67,-52.73,34.0,92,90,28.86,moderate rain,0.0,0.0
38,Nikolskoye,RU,2020-04-20 00:13:19,59.7,30.79,37.4,94,67,4.47,broken clouds,0.0,0.0
39,Suez,EG,2020-04-20 00:14:48,29.97,32.53,64.6,68,0,11.59,clear sky,0.0,0.0
40,Leshukonskoye,RU,2020-04-20 00:14:48,64.9,45.76,31.05,99,98,3.89,light snow,0.0,0.57
41,San Joaquin,VE,2020-04-20 00:14:49,10.26,-67.79,76.05,69,42,5.17,light rain,0.15,0.0
42,Eyl,SO,2020-04-20 00:14:49,7.98,49.82,83.3,73,70,5.86,broken clouds,0.0,0.0
43,Aasiaat,GL,2020-04-20 00:14:49,68.71,-52.87,25.2,97,98,7.81,snow,0.0,1.53
44,Saint George,US,2020-04-20 00:11:56,37.1,-113.58,71.6,26,20,11.41,few clouds,0.0,0.0
45,Marzuq,YE,2020-04-20 00:14:50,14.4,46.47,72.27,47,100,2.91,light rain,1.14,0.0
46,Ribeira Grande,PT,2020-04-20 00:14:50,38.52,-28.7,56.68,63,7,12.53,clear sky,0.0,0.0
47,Hobart,AU,2020-04-20 00:14:24,-42.88,147.33,57.0,76,75,6.93,light intensity shower rain,0.0,0.0
48,Bad Sachsa,DE,2020-04-20 00:14:51,51.59,10.56,43.0,48,0,9.89,clear sky,0.0,0.0
49,Lerwick,GB,2020-04-20 00:14:52,60.15,-1.15,44.6,81,0,8.05,clear sky,0.0,0.0
50,Saint-Georges,GD,2020-04-20 00:14:52,12.06,-61.75,80.6,78,20,14.99,few clouds,0.0,0.0
51,Tura,IN,2020-04-20 00:14:52,25.52,90.22,68.61,85,26,1.66,light rain,0.29,0.0
52,Barrow,US,2020-04-20 00:14:52,71.29,-156.79,14.0,78,90,5.82,light snow,0.0,0.0
53,Mataura,NZ,2020-04-20 00:14:53,-46.19,168.86,55.99,65,72,5.01,broken clouds,0.0,0.0
54,Saldanha,ZA,2020-04-20 00:14:10,-33.01,17.94,59.0,82,31,11.41,scattered clouds,0.0,0.0
55,Albany,US,2020-04-20 00:14:53,42.6,-73.97,57.99,51,90,1.01,light rain,0.22,0.0
56,Bluff,NZ,2020-04-20 00:14:54,-46.6,168.33,55.99,65,78,5.01,light rain,0.2,0.0
57,Acapulco,MX,2020-04-20 00:14:54,16.86,-99.89,84.2,74,5,6.93,clear sky,0.0,0.0
58,Constitucion,CL,2020-04-20 00:14:54,-35.33,-72.42,57.25,68,74,12.71,broken clouds,0.0,0.0
59,Waddan,LY,2020-04-20 00:14:54,29.16,16.14,76.71,16,100,17.25,overcast clouds,0.0,0.0
60,Kuminskiy,RU,2020-04-20 00:14:55,58.67,66.57,35.04,84,0,5.01,clear sky,0.0,0.0
61,Fukue,JP,2020-04-20 00:14:55,32.69,128.84,57.2,82,75,10.29,broken clouds,0.0,0.0
62,Lixourion,GR,2020-04-20 00:10:38,38.2,20.43,55.99,65,74,2.15,broken clouds,0.0,0.0
63,Arraial Do Cabo,BR,2020-04-20 00:14:55,-22.97,-42.03,73.67,70,96,4.79,overcast clouds,0.0,0.0
64,Banepa,NP,2020-04-20 00:14:56,27.63,85.52,55.4,87,20,3.36,few clouds,0.0,0.0
65,At-Bashi,KG,2020-04-20 00:14:56,41.17,75.81,41.72,26,50,4.5,scattered clouds,0.0,0.0
66,Gat,IL,2020-04-20 00:10:28,31.61,34.76,62.01,16,1,5.48,clear sky,0.0,0.0
67,Narsaq,GL,2020-04-20 00:14:56,60.92,-46.05,28.4,42,0,8.05,clear sky,0.0,0.0
68,Komsomolskiy,UZ,2020-04-20 00:14:57,40.43,71.72,55.4,54,0,6.93,clear sky,0.0,0.0
69,Poum,NC,2020-04-20 00:14:57,-20.23,164.02,81.18,75,99,7.11,moderate rain,3.79,0.0
70,Port Alfred,ZA,2020-04-20 00:14:57,-33.59,26.89,68.0,86,14,7.36,few clouds,0.0,0.0
71,Mahebourg,MU,2020-04-20 00:13:32,-20.41,57.7,75.2,88,40,11.41,scattered clouds,0.0,0.0
72,Yarmouth,US,2020-04-20 00:14:58,41.71,-70.23,48.2,66,1,27.51,clear sky,0.0,0.0
73,Akyab,MM,2020-04-20 00:14:58,20.15,92.9,76.57,89,19,4.03,few clouds,0.0,0.0
74,Padang,ID,2020-04-20 00:14:59,-0.95,100.35,78.73,76,17,4.21,few clouds,0.0,0.0
75,Ekhabi,RU,2020-04-20 00:14:59,53.51,142.97,30.92,99,100,9.24,light snow,0.0,1.06
76,Tadine,NC,2020-04-20 00:14:59,-21.55,167.88,79.14,79,100,14.7,moderate rain,5.89,0.0
77,Severnoye,RU,2020-04-20 00:14:59,56.35,78.36,45.41,85,14,1.54,few clouds,0.0,0.0
78,Pampa,US,2020-04-20 00:13:45,35.54,-100.96,73.4,28,1,7.31,clear sky,0.0,0.0
79,Damghan,IR,2020-04-20 00:15:00,36.17,54.35,57.18,39,29,3.2,scattered clouds,0.0,0.0
80,Butaritari,KI,2020-04-20 00:15:00,3.07,172.79,83.39,73,23,8.81,light rain,0.95,0.0
81,Codrington,AU,2020-04-20 00:15:01,-38.27,141.97,60.48,60,62,23.73,light rain,0.18,0.0
82,Stornoway,GB,2020-04-20 00:15:01,58.21,-6.39,37.4,86,0,2.24,clear sky,0.0,0.0
83,Mehran,IR,2020-04-20 00:15:01,33.12,46.16,51.8,71,0,4.7,clear sky,0.0,0.0
84,Vestmannaeyjar,IS,2020-04-20 00:15:01,63.44,-20.27,46.08,93,100,28.1,light rain,0.2,0.0
85,Port Lincoln,AU,2020-04-20 00:15:01,-34.73,135.87,62.22,58,100,15.35,overcast clouds,0.0,0.0
86,Klaksvik,FO,2020-04-20 00:14:54,62.23,-6.59,41.0,93,1,11.41,clear sky,0.0,0.0
87,Halifax,CA,2020-04-20 00:11:15,44.65,-63.57,43.0,40,0,6.53,clear sky,0.0,0.0
88,Dikson,RU,2020-04-20 00:15:02,73.51,80.55,34.48,89,90,22.77,overcast clouds,0.0,0.0
89,Upernavik,GL,2020-04-20 00:15:02,72.79,-56.15,26.91,84,94,26.26,overcast clouds,0.0,0.0
90,San Matias,BO,2020-04-20 00:15:03,-16.37,-58.4,77.02,77,61,2.26,broken clouds,0.0,0.0
91,Santa Rosa,PH,2020-04-20 00:15:03,14.31,121.11,88.0,66,20,4.7,few clouds,0.0,0.0
92,Linares,CL,2020-04-20 00:15:03,-35.85,-71.6,59.74,39,80,6.4,broken clouds,0.0,0.0
93,Luderitz,NA,2020-04-20 00:10:49,-26.65,15.16,60.8,87,0,8.05,clear sky,0.0,0.0
94,Flinders,AU,2020-04-20 00:15:03,-34.58,150.86,64.0,62,100,4.99,overcast clouds,0.0,0.0
95,Thompson,CA,2020-04-20 00:15:04,55.74,-97.86,23.0,85,90,10.29,light snow,0.0,0.0
96,Byron Bay,AU,2020-04-20 00:15:04,-28.65,153.62,72.0,56,1,8.05,clear sky,0.0,0.0
97,Caloundra,AU,2020-04-20 00:12:25,-26.8,153.13,75.0,60,0,3.0,clear sky,0.0,0.0
98,Balkhash,KZ,2020-04-20 00:15:04,46.84,74.98,55.45,36,0,9.44,clear sky,0.0,0.0
99,Awjilah,LY,2020-04-20 00:15:05,29.11,21.29,71.08,24,32,8.59,scattered clouds,0.0,0.0
100,Kinshasa,CD,2020-04-20 00:15:05,-4.32,15.32,78.8,78,40,6.93,scattered clouds,0.0,0.0
101,Hilo,US,2020-04-20 00:12:20,19.73,-155.09,82.4,51,1,12.75,clear sky,0.0,0.0
102,Pevek,RU,2020-04-20 00:12:08,69.7,170.31,9.91,94,100,6.98,light snow,0.0,0.14
103,Mar Del Plata,AR,2020-04-20 00:12:41,-38.0,-57.56,66.2,82,29,6.93,scattered clouds,0.0,0.0
104,Cabo San Lucas,MX,2020-04-20 00:12:07,22.89,-109.91,78.8,44,5,8.05,clear sky,0.0,0.0
105,Provideniya,RU,2020-04-20 00:12:08,64.38,-173.3,22.44,95,100,14.94,light snow,0.0,0.66
106,Saint-Augustin,CA,2020-04-20 00:15:06,51.23,-58.65,28.63,98,100,15.05,light snow,0.0,0.64
107,Asau,RO,2020-04-20 00:15:06,46.43,26.4,46.4,81,75,8.05,broken clouds,0.0,0.0
108,Oistins,BB,2020-04-20 00:10:41,13.07,-59.53,80.6,69,20,19.46,few clouds,0.0,0.0
109,Naze,JP,2020-04-20 00:12:21,28.37,129.48,68.0,72,40,12.75,scattered clouds,0.0,0.0
110,Kodinsk,RU,2020-04-20 00:15:07,58.69,99.18,29.77,88,0,3.69,clear sky,0.0,0.0
111,Kaduqli,SD,2020-04-20 00:15:07,11.02,29.72,77.7,15,84,5.7,broken clouds,0.0,0.0
112,Dharchula,IN,2020-04-20 00:15:08,29.85,80.53,52.99,30,91,8.88,overcast clouds,0.0,0.0
113,Bonavista,CA,2020-04-20 00:10:38,48.65,-53.11,32.4,96,100,39.48,moderate rain,5.06,0.0
114,Vostok,RU,2020-04-20 00:15:08,46.49,135.88,43.72,45,100,7.34,overcast clouds,0.0,0.0
115,Kashan,IR,2020-04-20 00:15:09,33.98,51.44,66.02,36,30,2.28,scattered clouds,0.0,0.0
116,Villazon,BO,2020-04-20 00:15:09,-22.09,-65.59,52.56,19,62,8.57,broken clouds,0.0,0.0
117,Marfino,RU,2020-04-20 00:15:09,55.7,37.38,33.8,86,19,4.47,few clouds,0.0,0.0
118,Monrovia,LR,2020-04-20 00:15:10,6.3,-10.8,80.6,94,40,4.88,scattered clouds,0.0,0.0
119,Alofi,NU,2020-04-20 00:15:10,-19.06,-169.92,86.0,70,33,13.87,scattered clouds,0.0,0.0
120,Cap Malheureux,MU,2020-04-20 00:15:10,-19.98,57.61,75.2,88,40,11.41,scattered clouds,0.0,0.0
121,Rodrigues Alves,BR,2020-04-20 00:15:10,-7.74,-72.65,72.68,61,0,1.52,clear sky,0.0,0.0
122,Eyrarbakki,IS,2020-04-20 00:15:11,63.86,-21.15,46.4,93,90,24.16,light intensity drizzle,0.0,0.0
123,Vaini,TO,2020-04-20 00:15:11,-21.2,-175.2,84.2,74,40,8.05,scattered clouds,0.0,0.0
124,New Norfolk,AU,2020-04-20 00:15:11,-42.78,147.06,57.0,91,100,7.74,light rain,0.0,0.0
125,Paragominas,BR,2020-04-20 00:15:12,-2.97,-47.48,73.99,92,88,3.04,moderate rain,4.59,0.0
126,Lata,PT,2020-04-20 00:13:44,40.16,-8.33,54.0,93,56,3.0,broken clouds,0.0,0.0
127,Tezu,IN,2020-04-20 00:15:12,27.92,96.17,65.48,71,96,3.96,light rain,2.25,0.0
128,Sebrovo,RU,2020-04-20 00:15:13,50.1,43.3,40.5,78,22,4.97,few clouds,0.0,0.0
129,Nossa Senhora Da Gloria,BR,2020-04-20 00:15:13,-10.22,-37.42,72.68,88,93,6.04,overcast clouds,0.0,0.0
130,Lagoa,PT,2020-04-20 00:15:13,39.05,-27.98,56.55,63,23,17.36,few clouds,0.0,0.0
131,Khatanga,RU,2020-04-20 00:15:14,71.97,102.5,24.04,95,34,5.41,scattered clouds,0.0,0.0
132,Bambous Virieux,MU,2020-04-20 00:15:14,-20.34,57.76,75.2,88,40,11.41,scattered clouds,0.0,0.0
133,Saint-Philippe,RE,2020-04-20 00:15:14,-21.36,55.77,75.2,83,75,19.46,broken clouds,0.0,0.0
134,Sao Miguel Do Araguaia,BR,2020-04-20 00:15:14,-13.28,-50.16,73.74,83,77,2.24,broken clouds,0.0,0.0
135,Abu Samrah,SY,2020-04-20 00:15:15,35.3,37.18,66.85,40,54,2.98,broken clouds,0.0,0.0
136,Ilhabela,BR,2020-04-20 00:15:15,-23.78,-45.36,71.91,74,37,7.85,scattered clouds,0.0,0.0
137,Talnakh,RU,2020-04-20 00:15:15,69.49,88.4,37.4,74,100,26.84,overcast clouds,0.0,0.0
138,Vila Velha,BR,2020-04-20 00:11:19,-20.33,-40.29,75.2,73,40,10.29,scattered clouds,0.0,0.0
139,Iqaluit,CA,2020-04-20 00:12:35,63.75,-68.51,1.4,70,20,8.05,few clouds,0.0,0.0
140,Caravelas,BR,2020-04-20 00:15:16,-17.71,-39.25,76.08,76,78,15.39,broken clouds,0.0,0.0
141,Atambua,ID,2020-04-20 00:15:16,-9.11,124.89,78.87,67,11,1.95,few clouds,0.0,0.0
142,Souris,CA,2020-04-20 00:15:17,49.62,-100.26,53.6,34,90,26.4,overcast clouds,0.0,0.0
143,Isangel,VU,2020-04-20 00:15:18,-19.55,169.27,82.4,83,75,5.82,broken clouds,0.0,0.0
144,Cabra,ES,2020-04-20 00:15:18,37.47,-4.44,57.2,71,21,8.05,few clouds,0.0,0.0
145,Alice Springs,AU,2020-04-20 00:15:19,-23.7,133.88,87.8,23,1,12.75,clear sky,0.0,0.0
146,Ponta Do Sol,PT,2020-04-20 00:15:19,32.67,-17.1,57.99,68,13,15.99,few clouds,0.0,0.0
147,Sumbe,AO,2020-04-20 00:15:19,-11.21,13.84,77.72,84,93,4.59,light rain,1.26,0.0
148,Kodiak,US,2020-04-20 00:15:19,57.79,-152.41,44.6,81,90,10.29,overcast clouds,0.0,0.0
149,Coquimbo,CL,2020-04-20 00:15:19,-29.95,-71.34,59.0,93,90,3.36,overcast clouds,0.0,0.0
150,Auki,SB,2020-04-20 00:15:20,-8.77,160.7,84.72,69,51,3.29,broken clouds,0.0,0.0
151,Alta Floresta,BR,2020-04-20 00:15:20,-9.88,-56.09,72.99,86,47,0.89,moderate rain,3.01,0.0
152,Impfondo,CG,2020-04-20 00:15:20,1.64,18.07,72.01,87,89,2.3,light rain,0.28,0.0
153,Stokmarknes,NO,2020-04-20 00:15:21,68.56,14.91,42.01,87,100,10.0,light rain,1.47,0.0
154,Faanui,PF,2020-04-20 00:15:21,-16.48,-151.75,82.83,75,60,15.23,light rain,0.37,0.0
155,Mikkeli,FI,2020-04-20 00:15:21,61.69,27.27,39.2,69,88,3.36,overcast clouds,0.0,0.0
156,Knysna,ZA,2020-04-20 00:15:22,-34.04,23.05,59.0,77,0,3.36,clear sky,0.0,0.0
157,Bonthe,SL,2020-04-20 00:15:22,7.53,-12.51,81.45,79,100,7.96,overcast clouds,0.0,0.0
158,Victoria,HK,2020-04-20 00:12:06,22.29,114.16,78.01,83,85,5.01,overcast clouds,0.0,0.0
159,Tiksi,RU,2020-04-20 00:15:23,71.69,128.87,14.04,91,94,6.31,overcast clouds,0.0,0.0
160,Olafsvik,IS,2020-04-20 00:15:23,64.89,-23.71,44.38,91,100,21.25,light rain,1.74,0.0
161,Dordrecht,NL,2020-04-20 00:15:23,51.81,4.67,52.0,54,0,5.01,clear sky,0.0,0.0
162,Hannibal,US,2020-04-20 00:15:24,39.71,-91.36,64.4,23,1,8.05,clear sky,0.0,0.0
163,Srednekolymsk,RU,2020-04-20 00:15:24,67.45,153.68,9.52,93,86,12.19,light snow,0.0,0.19
164,Talara,PE,2020-04-20 00:15:24,-4.58,-81.27,75.07,71,20,11.79,few clouds,0.0,0.0
165,Bethel,US,2020-04-20 00:15:25,41.37,-73.41,57.2,35,1,10.29,clear sky,0.0,0.0
166,Sola,VU,2020-04-20 00:15:25,-13.88,167.55,86.0,89,75,5.82,broken clouds,0.0,0.0
167,Airai,TL,2020-04-20 00:15:25,-8.93,125.41,67.21,52,0,2.8,clear sky,0.0,0.0
168,Teguise,ES,2020-04-20 00:15:25,29.06,-13.56,64.4,72,40,6.93,scattered clouds,0.0,0.0
169,Savinka,RU,2020-04-20 00:15:26,50.08,47.1,40.8,74,51,4.07,broken clouds,0.0,0.0
170,Chimbote,PE,2020-04-20 00:15:26,-9.09,-78.58,72.19,76,1,8.63,clear sky,0.0,0.0
171,Esperance,AU,2020-04-20 00:15:26,-33.87,121.9,51.8,87,0,8.05,clear sky,0.0,0.0
172,Grindavik,IS,2020-04-20 00:15:27,63.84,-22.43,46.4,100,90,29.97,light intensity drizzle rain,0.0,0.0
173,Vila Do Maio,CV,2020-04-20 00:15:28,15.13,-23.22,71.6,64,20,19.46,few clouds,0.0,0.0
174,Port Blair,IN,2020-04-20 00:15:28,11.67,92.75,83.32,77,11,6.38,few clouds,0.0,0.0
175,Bongandanga,CD,2020-04-20 00:15:30,1.5,21.05,70.79,87,88,2.75,overcast clouds,0.0,0.0
176,Touho,NC,2020-04-20 00:15:30,-20.78,165.23,81.05,75,99,9.55,light rain,1.69,0.0
177,Rockingham,US,2020-04-20 00:15:31,42.97,-71.1,57.99,33,53,1.99,broken clouds,0.0,0.0
178,Saint-Joseph,RE,2020-04-20 00:15:31,-21.37,55.62,75.2,83,75,19.46,broken clouds,0.0,0.0
179,Ojo De Agua,HN,2020-04-20 00:15:31,14.02,-86.35,83.86,26,0,5.82,clear sky,0.0,0.0
180,Mariinsk,RU,2020-04-20 00:15:32,56.21,87.75,38.86,69,90,6.89,overcast clouds,0.0,0.0
181,Xining,CN,2020-04-20 00:15:32,36.62,101.77,39.6,27,100,3.62,overcast clouds,0.0,0.0
182,Lasa,IT,2020-04-20 00:13:24,46.62,10.7,46.4,100,90,2.24,overcast clouds,0.0,0.0
183,Lompoc,US,2020-04-20 00:15:33,34.64,-120.46,62.01,67,40,13.87,scattered clouds,0.0,0.0
184,Havoysund,NO,2020-04-20 00:15:33,71.0,24.66,37.4,100,75,39.15,light rain,0.0,0.0
185,Hasaki,JP,2020-04-20 00:15:33,35.73,140.83,48.2,93,75,8.05,light rain,0.0,0.0
186,Bahar,IR,2020-04-20 00:15:34,34.91,48.44,51.66,42,51,1.05,broken clouds,0.0,0.0
187,Khanpur,PK,2020-04-20 00:15:34,28.65,70.66,79.23,29,38,4.38,light rain,0.14,0.0
188,Kisangani,CD,2020-04-20 00:15:35,0.52,25.2,71.02,80,99,1.19,overcast clouds,0.0,0.0
189,Ahipara,NZ,2020-04-20 00:15:35,-35.17,173.17,63.28,90,100,5.37,moderate rain,4.04,0.0
190,Ranong,TH,2020-04-20 00:12:57,9.97,98.63,78.8,94,20,4.45,few clouds,0.0,0.0
191,Turan,VN,2020-04-20 00:14:08,16.07,108.22,77.0,83,20,1.12,few clouds,0.0,0.0
192,Itupiranga,BR,2020-04-20 00:15:36,-5.13,-49.33,80.6,94,20,3.36,thunderstorm,0.0,0.0
193,Namibe,AO,2020-04-20 00:15:36,-15.2,12.15,75.31,65,19,2.8,light rain,1.52,0.0
194,Hermanus,ZA,2020-04-20 00:15:36,-34.42,19.23,61.0,93,38,1.01,scattered clouds,0.0,0.0
195,Sao Filipe,CV,2020-04-20 00:15:36,14.9,-24.5,71.82,74,0,19.71,clear sky,0.0,0.0
196,Qaanaaq,GL,2020-04-20 00:15:37,77.48,-69.36,15.82,84,75,16.4,broken clouds,0.0,0.0
197,Fort-Shevchenko,KZ,2020-04-20 00:15:37,44.51,50.26,55.6,68,0,11.86,clear sky,0.0,0.0
198,Boa Vista,BR,2020-04-20 00:15:37,2.82,-60.67,87.8,55,75,8.05,broken clouds,0.0,0.0
199,Junction City,US,2020-04-20 00:15:38,39.03,-96.83,66.2,39,1,9.17,clear sky,0.0,0.0
200,Tunceli,TR,2020-04-20 00:15:38,39.11,39.55,48.2,93,32,1.12,light rain,0.27,0.0
201,Basco,PH,2020-04-20 00:15:38,20.45,121.97,80.1,89,58,7.23,light rain,0.44,0.0
202,East London,ZA,2020-04-20 00:15:38,-33.02,27.91,76.21,54,0,13.35,clear sky,0.0,0.0
203,Jackson,US,2020-04-20 00:15:39,42.42,-122.83,71.6,24,40,5.82,scattered clouds,0.0,0.0
204,Nouadhibou,MR,2020-04-20 00:15:40,20.93,-17.03,66.2,77,0,23.04,sand,0.0,0.0
205,Faya,SA,2020-04-20 00:15:40,18.39,42.45,64.4,72,89,3.51,overcast clouds,0.0,0.0
206,Skibbereen,IE,2020-04-20 00:15:41,51.55,-9.27,46.4,93,75,8.05,broken clouds,0.0,0.0
207,Monteagudo,BO,2020-04-20 00:15:41,-19.82,-63.98,61.65,36,1,2.19,clear sky,0.0,0.0
208,Hervey Bay,AU,2020-04-20 00:15:41,-25.3,152.85,80.01,78,5,8.05,clear sky,0.0,0.0
209,Pangkalanbuun,ID,2020-04-20 00:15:41,-2.68,111.62,78.75,84,70,3.0,broken clouds,0.0,0.0
210,Puri,IN,2020-04-20 00:15:42,19.8,85.85,79.29,92,59,7.81,broken clouds,0.0,0.0
211,Nova Olinda Do Norte,BR,2020-04-20 00:15:42,-3.89,-59.09,73.8,97,100,3.2,light rain,1.07,0.0
212,Rurrenabaque,BO,2020-04-20 00:15:42,-14.44,-67.53,70.7,73,0,0.29,clear sky,0.0,0.0
213,Broome,US,2020-04-20 00:11:57,42.25,-75.83,48.99,66,90,17.22,overcast clouds,0.0,0.0
214,Jiaonan,CN,2020-04-20 00:15:43,35.88,119.98,57.2,62,35,13.42,scattered clouds,0.0,0.0
215,Vila Franca Do Campo,PT,2020-04-20 00:15:43,37.72,-25.43,55.4,62,20,4.7,few clouds,0.0,0.0
216,Darnah,LY,2020-04-20 00:15:44,32.77,22.64,60.69,60,29,4.12,scattered clouds,0.0,0.0
217,Port Elizabeth,ZA,2020-04-20 00:15:44,-33.92,25.57,73.4,40,29,13.87,scattered clouds,0.0,0.0
218,Mitchell,US,2020-04-20 00:15:45,43.71,-98.03,51.8,55,40,10.29,scattered clouds,0.0,0.0
219,Sur,OM,2020-04-20 00:15:10,22.57,59.53,83.8,46,1,8.32,clear sky,0.0,0.0
220,Bilma,NE,2020-04-20 00:13:07,18.69,12.92,84.18,12,42,5.23,scattered clouds,0.0,0.0
221,Alamosa,US,2020-04-20 00:15:45,37.47,-105.87,55.4,30,75,3.36,broken clouds,0.0,0.0
222,Owando,CG,2020-04-20 00:15:46,-0.48,15.9,71.65,81,96,1.57,overcast clouds,0.0,0.0
223,Nanortalik,GL,2020-04-20 00:15:46,60.14,-45.24,28.4,89,6,9.46,clear sky,0.0,0.0
224,Port Augusta,AU,2020-04-20 00:15:47,-32.5,137.77,68.0,68,40,8.05,scattered clouds,0.0,0.0
225,Simao,CN,2020-04-20 00:15:47,22.79,100.97,66.2,40,0,0.49,clear sky,0.0,0.0
226,Freeport,US,2020-04-20 00:13:48,40.66,-73.58,53.01,66,75,16.11,broken clouds,0.0,0.0
227,Aklavik,CA,2020-04-20 00:15:48,68.22,-135.01,23.0,49,90,3.36,overcast clouds,0.0,0.0
228,Nicoya,CR,2020-04-20 00:15:48,10.15,-85.45,91.4,43,20,11.41,few clouds,0.0,0.0
229,Sparks,US,2020-04-20 00:15:48,39.53,-119.75,57.99,28,75,8.05,broken clouds,0.0,0.0
230,Bikaner,IN,2020-04-20 00:15:49,28.02,73.3,79.2,35,71,8.34,light rain,0.16,0.0
231,San Francisco,US,2020-04-20 00:12:54,37.77,-122.42,64.4,51,75,18.34,broken clouds,0.0,0.0
232,Clyde River,CA,2020-04-20 00:14:19,70.47,-68.59,1.4,64,1,5.32,clear sky,0.0,0.0
233,Bengkulu,ID,2020-04-20 00:13:58,-3.8,102.27,78.13,83,84,4.12,broken clouds,0.0,0.0
234,Shuiji,CN,2020-04-20 00:15:49,27.42,118.34,66.36,68,5,1.32,clear sky,0.0,0.0
235,Tazmalt,DZ,2020-04-20 00:15:50,36.39,4.4,64.4,93,75,6.93,light rain,0.0,0.0
236,Lavrentiya,RU,2020-04-20 00:15:50,65.58,-171.0,21.18,91,100,8.16,overcast clouds,0.0,0.0
237,Chimoio,MZ,2020-04-20 00:15:50,-19.12,33.48,60.04,79,10,4.9,light rain,0.27,0.0
238,Gold Coast,AU,2020-04-20 00:15:50,-28.0,153.43,75.2,44,0,5.82,clear sky,0.0,0.0
239,Hovd,MN,2020-04-20 00:15:50,48.01,91.64,37.11,36,0,0.54,clear sky,0.0,0.0
240,Muros,ES,2020-04-20 00:15:51,42.78,-9.06,51.01,93,62,1.19,broken clouds,0.0,0.0
241,Leh,IN,2020-04-20 00:15:51,34.17,77.58,29.64,21,99,1.83,light snow,0.0,0.26
242,Erdenet,MN,2020-04-20 00:15:51,49.03,104.08,24.67,55,83,12.28,broken clouds,0.0,0.0
243,Port Hueneme,US,2020-04-20 00:15:51,34.15,-119.2,63.0,72,90,16.11,overcast clouds,0.0,0.0
244,Takoradi,GH,2020-04-20 00:15:52,4.88,-1.76,81.64,82,100,7.56,light rain,1.92,0.0
245,Chokurdakh,RU,2020-04-20 00:15:52,70.63,147.92,7.12,94,86,11.52,overcast clouds,0.0,0.0
246,San Policarpo,PH,2020-04-20 00:15:52,12.18,125.51,82.33,83,95,13.11,light rain,0.4,0.0
247,Barra Do Garcas,BR,2020-04-20 00:15:53,-15.89,-52.26,74.12,80,42,1.81,light rain,1.07,0.0
248,Quatre Cocos,MU,2020-04-20 00:15:53,-20.21,57.76,75.2,88,40,11.41,scattered clouds,0.0,0.0
249,Mwinilunga,ZM,2020-04-20 00:15:53,-11.74,24.43,60.17,65,45,5.01,scattered clouds,0.0,0.0
250,Mangan,IN,2020-04-20 00:15:53,27.52,88.53,63.81,32,73,4.16,broken clouds,0.0,0.0
251,Huancavelica,PE,2020-04-20 00:15:54,-12.77,-74.98,36.68,26,49,3.06,light rain,0.25,0.0
252,Platanos,GR,2020-04-20 00:15:54,37.67,21.62,53.6,93,70,2.01,broken clouds,0.0,0.0
253,Gambela,ET,2020-04-20 00:13:27,8.25,34.58,79.56,40,100,1.12,overcast clouds,0.0,0.0
254,Hithadhoo,MV,2020-04-20 00:15:55,-0.6,73.08,84.76,75,90,10.29,light rain,0.12,0.0
255,Dicabisagan,PH,2020-04-20 00:15:56,17.08,122.42,81.79,79,100,7.09,light rain,0.18,0.0
256,Kahone,SN,2020-04-20 00:15:56,14.15,-16.03,75.2,57,13,9.17,few clouds,0.0,0.0
257,Berveni,RO,2020-04-20 00:15:56,47.75,22.47,45.0,65,11,10.29,light snow,0.0,0.0
258,Inhambane,MZ,2020-04-20 00:13:53,-23.86,35.38,73.2,83,14,10.02,light rain,0.75,0.0
259,Marang,MY,2020-04-20 00:15:57,5.21,103.21,80.6,94,40,4.7,scattered clouds,0.0,0.0
260,Les Cayes,HT,2020-04-20 00:15:57,18.2,-73.75,79.43,78,15,7.31,few clouds,0.0,0.0
261,Comodoro Rivadavia,AR,2020-04-20 00:15:57,-45.87,-67.5,59.0,38,0,17.22,clear sky,0.0,0.0
262,Ilulissat,GL,2020-04-20 00:15:57,69.22,-51.1,30.2,54,100,23.04,overcast clouds,0.0,0.0
263,Bowen,AU,2020-04-20 00:15:58,-20.02,148.23,88.0,88,25,1.12,scattered clouds,0.0,0.0
264,Danielskuil,ZA,2020-04-20 00:15:58,-28.19,23.54,64.96,27,30,8.01,scattered clouds,0.0,0.0
265,Hvide Sande,DK,2020-04-20 00:15:59,56.0,8.13,36.0,83,0,4.16,clear sky,0.0,0.0
266,Omurtag,BG,2020-04-20 00:15:59,43.1,26.42,55.4,82,47,6.93,light rain,0.26,0.0
267,Ust-Ordynskiy,RU,2020-04-20 00:15:59,52.8,104.75,26.6,35,11,6.71,few clouds,0.0,0.0
268,Garowe,SO,2020-04-20 00:15:59,8.41,48.48,77.27,67,32,9.53,scattered clouds,0.0,0.0
269,Ilebo,CD,2020-04-20 00:16:00,-4.32,20.58,69.76,81,100,1.16,overcast clouds,0.0,0.0
270,Safranbolu,TR,2020-04-20 00:16:00,41.25,32.69,54.86,47,75,3.53,broken clouds,0.0,0.0
271,Sucre,BO,2020-04-20 00:16:01,-19.03,-65.26,55.15,25,18,3.83,few clouds,0.0,0.0
272,Fort Saint James,CA,2020-04-20 00:16:01,54.43,-124.25,61.41,47,2,3.38,clear sky,0.0,0.0
273,Atar,MR,2020-04-20 00:13:13,20.52,-13.05,71.76,20,0,8.34,clear sky,0.0,0.0
274,Kingman,US,2020-04-20 00:16:02,35.19,-114.05,77.0,28,1,17.22,clear sky,0.0,0.0
275,Winnemucca,US,2020-04-20 00:16:02,40.97,-117.74,57.2,22,20,5.82,few clouds,0.0,0.0
276,Kupang,ID,2020-04-20 00:16:02,-10.17,123.58,82.4,74,20,4.7,few clouds,0.0,0.0
277,Mount Isa,AU,2020-04-20 00:16:02,-20.73,139.5,82.4,20,75,6.93,broken clouds,0.0,0.0
278,Kenai,US,2020-04-20 00:16:03,60.55,-151.26,46.4,81,90,5.82,overcast clouds,0.0,0.0
279,Marsh Harbour,BS,2020-04-20 00:16:03,26.54,-77.06,80.15,78,42,12.24,scattered clouds,0.0,0.0
280,Zawiercie,PL,2020-04-20 00:16:03,50.49,19.42,41.0,68,0,5.39,clear sky,0.0,0.0
281,Sao Joao Da Barra,BR,2020-04-20 00:16:03,-21.64,-41.05,71.65,77,71,6.73,broken clouds,0.0,0.0
282,Pangoa,PE,2020-04-20 00:16:04,-12.12,-73.0,69.53,65,0,1.1,clear sky,0.0,0.0
283,Hambantota,LK,2020-04-20 00:16:05,6.12,81.12,81.68,82,76,9.46,broken clouds,0.0,0.0
284,Mahon,ES,2020-04-20 00:16:05,39.89,4.27,60.8,100,100,9.17,light rain,0.0,0.0
285,Bandarbeyla,SO,2020-04-20 00:16:05,9.49,50.81,81.73,68,79,3.11,broken clouds,0.0,0.0
286,Soure,BR,2020-04-20 00:16:06,-0.72,-48.52,79.75,84,69,8.37,light rain,2.99,0.0
287,Ilula,TZ,2020-04-20 00:16:06,-7.68,36.04,68.0,68,40,14.99,scattered clouds,0.0,0.0
288,Westport,US,2020-04-20 00:14:48,41.14,-73.36,55.99,66,1,19.46,clear sky,0.0,0.0
289,Mayya,RU,2020-04-20 00:16:06,61.73,130.28,17.6,44,18,2.24,few clouds,0.0,0.0
290,Umm Lajj,SA,2020-04-20 00:16:07,25.02,37.27,72.45,54,0,4.56,clear sky,0.0,0.0
291,Meulaboh,ID,2020-04-20 00:16:07,4.14,96.13,78.84,83,51,3.85,broken clouds,0.0,0.0
292,Kaeo,NZ,2020-04-20 00:16:07,-35.1,173.78,62.01,94,100,1.01,moderate rain,6.52,0.0
293,Te Anau,NZ,2020-04-20 00:16:07,-45.42,167.72,51.75,57,58,7.76,light rain,0.16,0.0
294,Karla,EE,2020-04-20 00:16:08,59.37,24.93,41.0,79,74,4.7,broken clouds,0.0,0.0
295,Filingue,NE,2020-04-20 00:16:08,14.35,3.32,86.27,23,14,3.13,few clouds,0.0,0.0
296,Murgab,TM,2020-04-20 00:16:08,37.5,61.97,59.0,72,0,4.7,clear sky,0.0,0.0
297,Denpasar,ID,2020-04-20 00:11:55,-8.65,115.22,80.6,94,20,2.24,few clouds,0.0,0.0
298,Sitka,US,2020-04-20 00:16:09,57.05,-135.33,51.8,81,90,4.7,overcast clouds,0.0,0.0
299,Nome,US,2020-04-20 00:16:09,64.5,-165.41,39.0,86,90,4.7,overcast clouds,0.0,0.0
300,Itaqui,BR,2020-04-20 00:16:10,-29.13,-56.55,68.22,55,0,3.24,clear sky,0.0,0.0
301,Hirara,JP,2020-04-20 00:16:10,24.8,125.28,69.8,100,75,13.87,light intensity shower rain,0.0,0.0
302,Neiafu,TO,2020-04-20 00:16:10,-18.65,-173.98,84.2,70,40,9.17,scattered clouds,0.0,0.0
303,Aykhal,RU,2020-04-20 00:16:11,66.0,111.5,23.0,38,2,4.47,clear sky,0.0,0.0
304,Zhoucun,CN,2020-04-20 00:16:12,36.82,117.82,59.0,36,33,3.0,scattered clouds,0.0,0.0
305,Qasigiannguit,GL,2020-04-20 00:13:22,68.82,-51.19,30.2,54,100,23.04,overcast clouds,0.0,0.0
306,Beringovskiy,RU,2020-04-20 00:16:12,63.05,179.32,20.41,96,100,18.28,light snow,0.0,0.37
307,Tautira,PF,2020-04-20 00:16:13,-17.73,-149.15,91.4,59,99,5.82,light rain,1.13,0.0
308,Cap-Aux-Meules,CA,2020-04-20 00:16:13,47.38,-61.86,30.2,74,5,16.11,clear sky,0.0,0.0
309,Manaus,BR,2020-04-20 00:16:13,-3.1,-60.02,82.4,78,40,3.36,scattered clouds,0.0,0.0
310,Mayachnyy,RU,2020-04-20 00:16:14,52.68,55.69,40.55,79,100,4.59,light rain,0.46,0.0
311,Biak,ID,2020-04-20 00:14:33,-0.91,122.88,82.11,69,3,2.86,light rain,0.57,0.0
312,Xuddur,SO,2020-04-20 00:16:14,4.12,43.89,76.46,67,100,5.73,moderate rain,3.06,0.0
313,Vardo,NO,2020-04-20 00:16:15,70.37,31.11,38.88,90,100,17.13,overcast clouds,0.0,0.0
314,Bada,RU,2020-04-20 00:16:15,51.39,109.87,22.24,73,65,7.43,broken clouds,0.0,0.0
315,Riyadh,SA,2020-04-20 00:15:33,24.69,46.72,75.2,47,100,3.36,overcast clouds,0.0,0.0
316,Marsaxlokk,MT,2020-04-20 00:16:16,35.84,14.54,64.0,82,20,21.92,few clouds,0.0,0.0
317,Rocha,UY,2020-04-20 00:16:16,-34.48,-54.33,61.99,81,13,5.77,few clouds,0.0,0.0
318,Buraydah,SA,2020-04-20 00:13:52,26.33,43.98,71.6,56,40,10.29,scattered clouds,0.0,0.0
319,Seoul,KR,2020-04-20 00:16:17,37.57,126.98,51.8,76,90,5.55,overcast clouds,0.0,0.0
320,Poso,ID,2020-04-20 00:16:17,-1.4,120.75,84.79,59,8,0.31,clear sky,0.0,0.0
321,Paramonga,PE,2020-04-20 00:16:17,-10.67,-77.83,72.25,75,28,10.83,scattered clouds,0.0,0.0
322,Chuy,UY,2020-04-20 00:16:17,-33.7,-53.46,64.58,89,23,7.49,few clouds,0.0,0.0
323,Koumra,TD,2020-04-20 00:16:17,8.91,17.55,84.79,41,53,9.75,broken clouds,0.0,0.0
324,Galesong,ID,2020-04-20 00:16:18,-5.32,119.37,77.0,94,20,3.36,few clouds,0.0,0.0
325,Ramanuj Ganj,IN,2020-04-20 00:16:18,23.8,83.7,75.52,28,42,4.56,scattered clouds,0.0,0.0
326,Ussel,FR,2020-04-20 00:16:18,45.55,2.32,48.58,78,84,1.43,broken clouds,0.0,0.0
327,Gladstone,AU,2020-04-20 00:16:19,-23.85,151.25,80.6,61,0,3.36,clear sky,0.0,0.0
328,Muhos,FI,2020-04-20 00:16:19,64.81,25.99,35.6,93,90,3.36,overcast clouds,0.0,0.0
329,Fairbanks,US,2020-04-20 00:16:19,64.84,-147.72,52.0,93,75,3.36,broken clouds,0.0,0.0
330,Isiro,CD,2020-04-20 00:16:19,2.77,27.62,67.66,79,100,1.1,light rain,0.15,0.0
331,Dezhou,CN,2020-04-20 00:16:20,37.45,116.29,58.87,29,8,14.97,clear sky,0.0,0.0
332,Babu,CN,2020-04-20 00:16:20,24.42,111.52,68.77,81,70,1.21,broken clouds,0.0,0.0
333,Malchin,DE,2020-04-20 00:16:21,53.73,12.78,39.0,59,0,5.82,clear sky,0.0,0.0
334,Tuatapere,NZ,2020-04-20 00:16:21,-46.13,167.68,55.99,65,35,5.01,scattered clouds,0.0,0.0
335,Jining,CN,2020-04-20 00:12:46,35.41,116.58,56.17,37,86,17.76,overcast clouds,0.0,0.0
336,Ola,RU,2020-04-20 00:16:22,59.58,151.28,10.33,80,0,5.35,clear sky,0.0,0.0
337,San Patricio,MX,2020-04-20 00:16:22,19.22,-104.7,75.2,78,5,17.22,clear sky,0.0,0.0
338,Kavieng,PG,2020-04-20 00:16:23,-2.57,150.8,83.79,75,78,7.14,broken clouds,0.0,0.0
339,Uusikaupunki,FI,2020-04-20 00:16:07,60.8,21.41,41.0,87,0,4.7,clear sky,0.0,0.0
340,Leningradskiy,RU,2020-04-20 00:16:23,69.38,178.42,13.62,92,93,9.06,overcast clouds,0.0,0.0
341,Dunedin,NZ,2020-04-20 00:16:23,-45.87,170.5,54.63,56,46,10.65,scattered clouds,0.0,0.0
342,Turki,RU,2020-04-20 00:16:24,51.99,43.27,36.48,89,60,5.21,broken clouds,0.0,0.0
343,Pangody,RU,2020-04-20 00:16:24,65.85,74.49,32.41,95,86,12.08,overcast clouds,0.0,0.0
344,La Romana,DO,2020-04-20 00:12:25,18.43,-68.97,80.6,83,20,9.17,few clouds,0.0,0.0
345,Merrill,US,2020-04-20 00:14:08,45.18,-89.68,48.2,22,1,8.05,clear sky,0.0,0.0
346,Kaitangata,NZ,2020-04-20 00:13:02,-46.28,169.85,55.22,54,52,12.28,broken clouds,0.0,0.0
347,Waipawa,NZ,2020-04-20 00:16:25,-41.41,175.52,59.0,64,59,5.99,broken clouds,0.0,0.0
348,Kwinana,AU,2020-04-20 00:16:25,-32.25,115.77,66.0,87,48,8.05,scattered clouds,0.0,0.0
349,Puerto Princesa,PH,2020-04-20 00:16:26,9.74,118.74,80.6,83,40,4.7,scattered clouds,0.0,0.0
350,Kunnamangalam,IN,2020-04-20 00:16:26,11.3,75.88,79.23,83,45,2.68,light rain,0.32,0.0
351,Tasiilaq,GL,2020-04-20 00:16:27,65.61,-37.64,32.0,92,100,3.36,overcast clouds,0.0,0.0
352,Kununurra,AU,2020-04-20 00:16:28,-15.77,128.73,84.2,66,72,1.12,broken clouds,0.0,0.0
353,Sept-Iles,CA,2020-04-20 00:15:45,50.2,-66.38,32.0,97,90,13.87,overcast clouds,0.0,0.0
354,Petrozavodsk,RU,2020-04-20 00:16:27,61.78,34.35,35.6,97,67,4.47,broken clouds,0.0,0.0
355,Nagua,DO,2020-04-20 00:16:29,19.38,-69.85,82.4,69,20,9.33,few clouds,0.0,0.0
356,Rabo De Peixe,PT,2020-04-20 00:16:30,37.8,-25.58,55.4,62,20,5.82,few clouds,0.0,0.0
357,Verkhnevilyuysk,RU,2020-04-20 00:16:30,63.45,120.32,20.01,93,94,4.99,overcast clouds,0.0,0.0
358,Isla Vista,US,2020-04-20 00:12:26,34.41,-119.86,64.0,72,75,9.17,broken clouds,0.0,0.0
359,Belmonte,BR,2020-04-20 00:16:31,-15.86,-38.88,77.0,73,90,6.93,overcast clouds,0.0,0.0
360,Rio Grande,BR,2020-04-20 00:16:31,-32.03,-52.1,66.0,89,0,15.64,clear sky,0.0,0.0
361,Coihaique,CL,2020-04-20 00:16:31,-45.58,-72.07,41.0,93,40,8.05,scattered clouds,0.0,0.0
362,San Pedro,PH,2020-04-20 00:16:31,14.35,121.02,86.0,66,20,4.7,few clouds,0.0,0.0
363,Tarauaca,BR,2020-04-20 00:16:32,-8.16,-70.77,72.64,63,2,0.94,clear sky,0.0,0.0
364,Hobyo,SO,2020-04-20 00:16:32,5.35,48.53,84.02,74,100,9.66,overcast clouds,0.0,0.0
365,Chelno-Vershiny,RU,2020-04-20 00:16:32,54.43,51.1,38.03,71,100,4.7,overcast clouds,0.0,0.0
366,Cairns,AU,2020-04-20 00:15:10,-16.92,145.77,88.0,74,75,11.41,broken clouds,0.0,0.0
367,Uralets,RU,2020-04-20 00:16:33,57.66,59.65,30.0,87,42,3.04,scattered clouds,0.0,0.0
368,Plouzane,FR,2020-04-20 00:16:33,48.38,-4.62,51.8,81,94,9.17,overcast clouds,0.0,0.0
369,Viedma,AR,2020-04-20 00:16:33,-40.81,-63.0,60.04,43,69,9.91,broken clouds,0.0,0.0
370,Haines Junction,CA,2020-04-20 00:14:52,60.75,-137.51,48.24,48,98,9.42,overcast clouds,0.0,0.0
371,Muzhi,RU,2020-04-20 00:16:34,65.37,64.67,33.67,95,99,5.48,overcast clouds,0.0,0.0
372,Raga,SS,2020-04-20 00:16:34,8.46,25.68,73.22,20,70,4.85,broken clouds,0.0,0.0
373,Acarau,BR,2020-04-20 00:16:34,-2.89,-40.12,77.36,87,28,3.53,light rain,0.56,0.0
374,Nantucket,US,2020-04-20 00:13:40,41.28,-70.1,46.99,75,1,23.04,clear sky,0.0,0.0
375,Nautla,MX,2020-04-20 00:16:35,20.22,-96.78,87.08,67,27,9.57,scattered clouds,0.0,0.0
376,Vikulovo,RU,2020-04-20 00:16:35,56.82,70.61,38.75,75,4,3.2,clear sky,0.0,0.0
377,Henties Bay,NA,2020-04-20 00:16:35,-22.12,14.28,59.0,93,5,1.99,light rain,0.31,0.0
378,Aden,YE,2020-04-20 00:16:35,12.78,45.04,81.45,80,100,8.1,overcast clouds,0.0,0.0
379,Mahibadhoo,MV,2020-04-20 00:16:36,3.78,72.97,84.88,74,80,8.12,light rain,1.11,0.0
380,San Juan,AR,2020-04-20 00:12:54,-31.54,-68.54,75.69,31,0,7.09,clear sky,0.0,0.0
381,Sakakah,SA,2020-04-20 00:14:38,29.97,40.21,68.0,40,2,8.05,clear sky,0.0,0.0
382,Saint Anthony,US,2020-04-20 00:16:36,45.02,-93.22,48.99,26,1,6.93,clear sky,0.0,0.0
383,Veraval,IN,2020-04-20 00:16:37,20.9,70.37,78.64,61,1,10.45,clear sky,0.0,0.0
384,Touros,BR,2020-04-20 00:16:38,-5.2,-35.46,78.8,88,20,3.36,few clouds,0.0,0.0
385,Kibungo,RW,2020-04-20 00:16:38,-2.16,30.54,64.4,100,40,1.36,scattered clouds,0.0,0.0
386,Mandalon,GR,2020-04-20 00:16:39,40.86,22.21,60.17,64,90,2.66,overcast clouds,0.0,0.0
387,Sinnamary,GF,2020-04-20 00:16:39,5.38,-52.95,79.9,84,97,16.82,moderate rain,3.47,0.0
388,Shimoda,JP,2020-04-20 00:16:39,34.67,138.95,51.8,93,75,13.87,moderate rain,0.0,0.0
389,Kosa,RU,2020-04-20 00:16:41,59.94,55.0,28.17,97,33,4.9,scattered clouds,0.0,0.0
390,Nabire,ID,2020-04-20 00:16:41,-3.37,135.48,85.96,64,54,1.36,broken clouds,0.0,0.0
391,Guerrero Negro,MX,2020-04-20 00:16:41,27.98,-114.06,64.09,68,93,21.43,overcast clouds,0.0,0.0
392,Katherine,AU,2020-04-20 00:16:41,-14.47,132.27,86.0,58,4,3.36,clear sky,0.0,0.0
393,Ohara,JP,2020-04-20 00:16:42,35.25,140.38,51.8,93,75,8.05,light rain,0.0,0.0
394,Pemangkat,ID,2020-04-20 00:16:42,1.17,108.97,79.11,81,76,3.96,light rain,0.15,0.0
395,Ust-Kuyga,RU,2020-04-20 00:16:42,70.02,135.6,11.82,92,33,8.28,scattered clouds,0.0,0.0
396,Locri,IT,2020-04-20 00:16:42,38.24,16.26,61.0,25,99,6.82,overcast clouds,0.0,0.0
397,Jijiga,ET,2020-04-20 00:16:43,9.35,42.8,65.8,52,100,6.33,light rain,2.11,0.0
398,Adrar,MR,2020-04-20 00:16:43,20.5,-10.07,75.76,18,0,6.55,clear sky,0.0,0.0
399,Ust-Maya,RU,2020-04-20 00:16:43,60.42,134.53,17.74,87,4,3.71,clear sky,0.0,0.0
400,Yerbogachen,RU,2020-04-20 00:16:43,61.28,108.01,23.02,88,0,3.36,clear sky,0.0,0.0
401,Labuhan,ID,2020-04-20 00:16:44,-6.88,112.21,81.0,79,92,2.37,overcast clouds,0.0,0.0
402,Plyussa,RU,2020-04-20 00:16:44,58.43,29.37,30.58,98,45,4.45,scattered clouds,0.0,0.0
403,Calama,CL,2020-04-20 00:16:44,-22.47,-68.93,66.2,16,0,18.34,clear sky,0.0,0.0
404,Lima,PE,2020-04-20 00:16:44,-12.04,-77.03,71.6,73,36,9.17,scattered clouds,0.0,0.0
405,San Blas,MX,2020-04-20 00:16:45,21.52,-105.27,84.2,51,75,6.93,broken clouds,0.0,0.0
406,Svetlyy,RU,2020-04-20 00:16:45,54.67,20.13,39.2,86,0,6.71,clear sky,0.0,0.0
407,Lokoja,NG,2020-04-20 00:16:45,7.8,6.74,78.51,79,100,2.08,light rain,1.22,0.0
408,Poddorye,RU,2020-04-20 00:16:45,57.47,31.12,30.34,97,18,4.81,few clouds,0.0,0.0
409,Playas,EC,2020-04-20 00:16:46,-2.63,-80.38,77.85,78,56,8.46,broken clouds,0.0,0.0
410,Cayenne,GF,2020-04-20 00:16:46,4.93,-52.33,78.8,94,75,2.24,mist,0.0,0.0
411,Mana,GF,2020-04-20 00:16:46,5.66,-53.78,77.83,89,100,10.16,light rain,1.82,0.0
412,Norman Wells,CA,2020-04-20 00:16:47,65.28,-126.83,30.2,58,90,2.24,overcast clouds,0.0,0.0
413,Alyangula,AU,2020-04-20 00:16:47,-13.85,136.42,82.4,88,0,2.24,clear sky,0.0,0.0
414,Goderich,CA,2020-04-20 00:16:47,43.75,-81.72,37.99,65,27,12.86,scattered clouds,0.0,0.0
415,Ladario,BR,2020-04-20 00:16:48,-19.0,-57.6,76.78,70,57,2.08,broken clouds,0.0,0.0
416,Kiruna,SE,2020-04-20 00:16:48,67.86,20.23,35.6,77,94,4.7,overcast clouds,0.0,0.0
417,Ganganagar,IN,2020-04-20 00:16:48,29.92,73.88,76.42,37,26,7.7,scattered clouds,0.0,0.0
418,Solnechnyy,RU,2020-04-20 00:16:48,50.72,136.63,31.1,81,100,5.5,light snow,0.0,0.14
419,Zyryanka,RU,2020-04-20 00:16:48,65.75,150.85,9.23,83,4,5.32,clear sky,0.0,0.0
420,Barinas,VE,2020-04-20 00:16:49,8.62,-70.21,80.35,62,77,2.75,light rain,0.81,0.0
421,Bloemhof,ZA,2020-04-20 00:16:49,-27.65,25.61,63.72,30,26,6.22,scattered clouds,0.0,0.0
422,Valleyview,CA,2020-04-20 00:16:49,55.07,-117.29,54.37,58,26,10.54,light rain,0.3,0.0
423,Katangli,RU,2020-04-20 00:16:49,51.71,143.23,37.29,79,100,3.4,overcast clouds,0.0,0.0
424,Obo,CF,2020-04-20 00:16:50,5.4,26.49,69.58,78,98,4.54,overcast clouds,0.0,0.0
425,Jiuquan,CN,2020-04-20 00:16:50,39.74,98.52,41.94,27,4,3.38,clear sky,0.0,0.0
426,Wembley,AU,2020-04-20 00:16:50,-31.93,115.8,62.01,87,40,4.7,scattered clouds,0.0,0.0
427,Warmbad,NA,2020-04-20 00:16:51,-28.45,18.73,69.24,25,3,0.94,clear sky,0.0,0.0
428,Port Keats,AU,2020-04-20 00:16:51,-14.25,129.55,85.42,65,67,3.96,broken clouds,0.0,0.0
429,Mau,IN,2020-04-20 00:16:51,25.95,83.55,77.02,33,91,5.21,overcast clouds,0.0,0.0
430,Bilibino,RU,2020-04-20 00:13:42,68.05,166.44,8.42,79,81,3.74,broken clouds,0.0,0.0
431,Panjakent,TJ,2020-04-20 00:16:51,39.5,67.61,53.6,76,0,6.93,clear sky,0.0,0.0
432,Roma,US,2020-04-20 00:12:20,43.21,-75.46,45.0,87,90,8.05,moderate rain,0.0,0.0
433,Pimentel,PE,2020-04-20 00:16:52,-6.84,-79.93,72.12,78,4,12.41,clear sky,0.0,0.0
434,Kutum,SD,2020-04-20 00:14:37,14.2,24.67,63.57,18,97,3.29,overcast clouds,0.0,0.0
435,College,US,2020-04-20 00:15:09,64.86,-147.8,52.0,75,90,2.55,overcast clouds,0.0,0.0
436,Koutsouras,GR,2020-04-20 00:16:52,35.03,25.95,59.0,90,0,1.99,clear sky,0.0,0.0
437,Mehamn,NO,2020-04-20 00:16:53,71.04,27.85,39.4,93,100,22.1,light rain,1.08,0.0
438,Thessalon,CA,2020-04-20 00:16:53,46.25,-83.57,32.0,80,1,9.17,clear sky,0.0,0.0
439,Pitimbu,BR,2020-04-20 00:16:53,-7.47,-34.81,77.0,94,17,7.76,light rain,2.58,0.0
440,Rayagada,IN,2020-04-20 00:16:53,19.17,83.42,78.48,57,20,1.05,few clouds,0.0,0.0
441,Ambulu,ID,2020-04-20 00:16:54,-8.35,113.61,80.49,73,100,3.49,overcast clouds,0.0,0.0
442,Mustasaari,FI,2020-04-20 00:16:54,63.11,21.68,39.2,86,0,4.7,clear sky,0.0,0.0
443,Manzhouli,CN,2020-04-20 00:16:54,49.6,117.43,23.02,74,82,21.54,broken clouds,0.0,0.0
444,Beloha,MG,2020-04-20 00:16:54,-25.17,45.05,70.92,76,0,16.02,clear sky,0.0,0.0
445,Yuzhno-Kurilsk,RU,2020-04-20 00:16:54,44.03,145.86,37.35,79,83,10.49,broken clouds,0.0,0.0
446,Casambalangan,PH,2020-04-20 00:16:55,18.38,122.13,81.45,78,73,4.99,broken clouds,0.0,0.0
447,Foz,ES,2020-04-20 00:16:55,43.57,-7.25,50.0,1,43,1.5,scattered clouds,0.0,0.0
448,Gizo,SB,2020-04-20 00:16:55,-8.1,156.84,84.88,71,97,2.53,light rain,0.43,0.0
449,Merauke,ID,2020-04-20 00:16:55,-8.47,140.33,85.15,73,50,10.16,scattered clouds,0.0,0.0
450,Bamnet Narong,TH,2020-04-20 00:16:55,15.5,101.69,80.11,70,72,7.34,broken clouds,0.0,0.0
451,Sydney,AU,2020-04-20 00:12:03,-33.87,151.21,64.99,72,100,8.05,overcast clouds,0.0,0.0
452,Newport,GB,2020-04-20 00:16:56,51.59,-3.0,48.0,79,37,1.01,scattered clouds,0.0,0.0
453,Tandil,AR,2020-04-20 00:16:56,-37.32,-59.13,61.0,81,32,3.33,scattered clouds,0.0,0.0
454,North Bend,US,2020-04-20 00:15:07,43.41,-124.22,57.0,66,1,8.05,clear sky,0.0,0.0
455,Sungaipenuh,ID,2020-04-20 00:16:57,-2.08,101.38,66.63,72,45,2.64,scattered clouds,0.0,0.0
456,Porto Novo,BJ,2020-04-20 00:16:57,6.5,2.6,82.26,77,98,8.88,overcast clouds,0.0,0.0
457,Kentau,KZ,2020-04-20 00:16:57,43.52,68.51,58.19,30,0,13.73,clear sky,0.0,0.0
458,Sabang,ID,2020-04-20 00:14:23,5.89,95.32,83.1,75,36,8.34,scattered clouds,0.0,0.0
459,Ongandjera,NA,2020-04-20 00:16:58,-17.88,15.07,72.28,51,71,4.76,broken clouds,0.0,0.0
460,Kyaikkami,MM,2020-04-20 00:16:58,16.08,97.57,80.56,69,91,3.71,overcast clouds,0.0,0.0
461,Santa Cruz,BO,2020-04-20 00:14:45,-17.8,-63.17,77.0,65,0,2.24,clear sky,0.0,0.0
462,Carthage,TN,2020-04-20 00:16:58,36.86,10.33,66.2,72,40,9.17,scattered clouds,0.0,0.0
463,Mayumba,GA,2020-04-20 00:16:59,-3.43,10.66,79.09,85,90,12.33,moderate rain,4.28,0.0
464,Ilmajoki,FI,2020-04-20 00:14:05,62.73,22.57,39.99,92,2,2.24,clear sky,0.0,0.0
465,Elat,IL,2020-04-20 00:16:59,29.56,34.95,73.4,46,0,13.87,clear sky,0.0,0.0
466,Ancud,CL,2020-04-20 00:16:59,-41.87,-73.82,50.0,81,40,5.82,scattered clouds,0.0,0.0
467,Xam Nua,LA,2020-04-20 00:12:36,20.42,104.04,72.66,51,0,1.59,clear sky,0.0,0.0
468,Jinan,CN,2020-04-20 00:17:00,36.67,117.0,55.94,34,61,19.19,broken clouds,0.0,0.0
469,Vanavara,RU,2020-04-20 00:17:00,60.34,102.28,25.92,88,0,1.52,clear sky,0.0,0.0
470,San Cristobal,VE,2020-04-20 00:17:01,7.77,-72.22,69.76,63,90,0.92,moderate rain,4.67,0.0
471,Businga,CD,2020-04-20 00:17:01,3.33,20.88,71.92,83,97,3.38,light rain,0.24,0.0
472,Griffith,US,2020-04-20 00:17:01,41.53,-87.42,45.0,58,1,8.05,clear sky,0.0,0.0
473,Jabinyanah,TN,2020-04-20 00:17:01,35.03,10.91,69.8,68,100,4.7,overcast clouds,0.0,0.0
474,Cidreira,BR,2020-04-20 00:17:02,-30.18,-50.21,68.07,85,0,16.93,clear sky,0.0,0.0
475,Arica,CL,2020-04-20 00:17:02,-18.48,-70.3,66.2,77,7,5.82,clear sky,0.0,0.0
476,Harper,LR,2020-04-20 00:17:03,4.38,-7.72,81.34,83,100,7.96,light rain,0.96,0.0
477,Kamyshlov,RU,2020-04-20 00:17:03,56.84,62.71,37.51,73,21,2.95,few clouds,0.0,0.0
478,Ayagoz,KZ,2020-04-20 00:17:03,47.97,80.44,47.5,41,0,8.32,clear sky,0.0,0.0
479,Bolgatanga,GH,2020-04-20 00:17:03,10.79,-0.85,87.76,45,93,3.11,light rain,1.22,0.0
480,Portland,US,2020-04-20 00:15:37,45.52,-122.68,66.0,48,20,5.82,few clouds,0.0,0.0
481,Mpika,ZM,2020-04-20 00:17:04,-11.83,31.45,60.75,62,79,8.9,light rain,0.13,0.0
482,Jaitaran,IN,2020-04-20 00:17:04,26.2,73.94,77.16,36,77,6.42,light rain,1.2,0.0
483,Poronaysk,RU,2020-04-20 00:17:04,49.22,143.12,39.52,72,100,10.36,overcast clouds,0.0,0.0
484,Pangnirtung,CA,2020-04-20 00:17:04,66.15,-65.71,-1.23,85,36,4.12,scattered clouds,0.0,0.0
485,Kommunisticheskiy,RU,2020-04-20 00:17:05,61.68,64.48,31.48,94,12,6.31,few clouds,0.0,0.0
486,Miraflores,MX,2020-04-20 00:17:05,19.22,-98.81,78.8,31,90,12.75,moderate rain,0.0,0.0
487,Horodnytsya,UA,2020-04-20 00:17:05,50.81,27.32,34.07,81,0,6.38,clear sky,0.0,0.0
488,Ondjiva,AO,2020-04-20 00:17:05,-17.07,15.73,68.49,59,99,3.91,light rain,0.49,0.0
489,Boulder,US,2020-04-20 00:17:00,40.08,-105.35,57.2,53,40,3.36,scattered clouds,0.0,0.0
490,Buta,CD,2020-04-20 00:17:06,2.79,24.73,71.22,86,99,2.01,overcast clouds,0.0,0.0
491,Ken Caryl,US,2020-04-20 00:14:20,39.58,-105.12,62.01,17,86,1.01,overcast clouds,0.0,0.0
492,Bethal,ZA,2020-04-20 00:17:06,-26.46,29.47,50.16,57,0,3.69,clear sky,0.0,0.0
493,Havre-Saint-Pierre,CA,2020-04-20 00:17:06,50.23,-63.6,28.4,74,75,5.82,broken clouds,0.0,0.0
494,Ternate,ID,2020-04-20 00:17:07,0.8,127.4,85.03,68,45,1.61,scattered clouds,0.0,0.0
495,Tumen,CN,2020-04-20 00:17:07,42.97,129.84,42.94,80,100,7.85,light rain,0.64,0.0
496,Grafton,US,2020-04-20 00:17:07,42.21,-71.69,52.0,53,1,18.34,clear sky,0.0,0.0
497,Ordu,TR,2020-04-20 00:17:07,40.91,37.68,46.45,56,77,5.82,broken clouds,0.0,0.0
498,Kursumlija,RS,2020-04-20 00:17:08,43.15,21.27,62.6,51,95,17.22,light rain,0.68,0.0
499,Nago,JP,2020-04-20 00:17:08,26.59,127.98,66.2,93,75,10.29,heavy intensity rain,0.0,0.0
500,Sarany,RU,2020-04-20 00:17:08,58.5,58.88,26.78,94,38,2.33,scattered clouds,0.0,0.0
501,Karachi,PK,2020-04-20 00:17:08,24.91,67.08,77.0,78,40,9.17,scattered clouds,0.0,0.0
502,Dingle,PH,2020-04-20 00:17:09,11.0,122.67,83.32,76,89,12.44,light rain,0.59,0.0
503,Fraserburgh,GB,2020-04-20 00:17:09,57.69,-2.02,41.0,85,0,1.99,clear sky,0.0,0.0
504,Nata,PA,2020-04-20 00:17:09,8.33,-80.52,79.0,43,21,8.21,light rain,0.25,0.0
505,Sompeta,IN,2020-04-20 00:17:10,18.93,84.6,80.4,60,58,5.14,broken clouds,0.0,0.0
506,Kieta,PG,2020-04-20 00:17:10,-6.22,155.63,85.3,65,90,3.11,overcast clouds,0.0,0.0
507,Pisco,PE,2020-04-20 00:17:10,-13.7,-76.22,71.6,73,0,17.22,clear sky,0.0,0.0
508,Kahului,US,2020-04-20 00:17:10,20.89,-156.47,82.4,51,40,9.17,scattered clouds,0.0,0.0
509,Agadir,MA,2020-04-20 00:15:17,30.42,-9.6,62.6,67,20,11.41,few clouds,0.0,0.0
510,Ostrovnoy,RU,2020-04-20 00:17:12,68.05,39.51,25.7,97,74,7.67,broken clouds,0.0,0.0
511,Gornopravdinsk,RU,2020-04-20 00:17:13,60.05,69.9,34.54,88,0,4.18,clear sky,0.0,0.0
512,Rehoboth,NA,2020-04-20 00:17:13,-23.32,17.08,69.67,36,25,5.91,scattered clouds,0.0,0.0
513,Sarangani,PH,2020-04-20 00:13:35,5.4,125.46,84.36,74,96,12.21,light rain,2.72,0.0
514,Mongo,TD,2020-04-20 00:17:14,12.18,18.69,81.0,14,57,6.44,broken clouds,0.0,0.0
515,Senador Guiomard,BR,2020-04-20 00:14:35,-10.15,-67.74,77.0,78,5,3.36,clear sky,0.0,0.0
516,Palauig,PH,2020-04-20 00:17:15,15.44,119.9,84.07,72,96,1.43,overcast clouds,0.0,0.0
517,Nhulunbuy,AU,2020-04-20 00:17:15,-12.23,136.77,85.26,73,0,9.66,light rain,0.12,0.0
518,Nemuro,JP,2020-04-20 00:14:06,43.32,145.57,33.8,100,75,11.41,mist,0.0,0.0
519,Avera,US,2020-04-20 00:17:15,33.19,-82.53,57.2,94,90,4.7,light rain,0.0,0.0
520,Maniwaki,CA,2020-04-20 00:17:16,46.38,-75.97,31.19,91,100,8.55,light snow,0.0,1.41
521,Jimo,CN,2020-04-20 00:17:16,36.39,120.46,57.2,62,30,13.42,scattered clouds,0.0,0.0
522,Jilib,SO,2020-04-20 00:17:16,0.49,42.79,77.2,87,100,6.29,light rain,0.18,0.0
523,Cherskiy,RU,2020-04-20 00:17:17,68.75,161.3,9.03,93,100,7.92,light snow,0.0,0.16
524,Lorengau,PG,2020-04-20 00:17:17,-2.02,147.27,84.47,75,46,7.65,light rain,0.34,0.0
525,Lisala,CD,2020-04-20 00:17:17,2.15,21.52,69.42,87,95,1.54,overcast clouds,0.0,0.0
526,Ust-Tarka,RU,2020-04-20 00:17:18,55.57,75.7,45.95,90,18,4.83,few clouds,0.0,0.0
527,Poya,NC,2020-04-20 00:13:10,-21.35,165.15,80.15,74,91,5.99,light rain,2.66,0.0
528,Luanda,AO,2020-04-20 00:17:18,-8.84,13.23,78.8,94,75,5.82,broken clouds,0.0,0.0
529,Laguna,US,2020-04-20 00:17:18,38.42,-121.42,70.0,45,1,8.05,clear sky,0.0,0.0
530,Novobiryusinskiy,RU,2020-04-20 00:17:18,56.96,97.71,31.53,79,0,8.23,clear sky,0.0,0.0
531,Edd,ER,2020-04-20 00:17:19,13.93,41.69,85.84,66,85,9.46,overcast clouds,0.0,0.0
532,Sherman,US,2020-04-20 00:17:19,33.64,-96.61,70.0,77,75,16.11,broken clouds,0.0,0.0
533,Forbes,AU,2020-04-20 00:17:19,-33.38,148.02,59.9,48,99,11.59,overcast clouds,0.0,0.0
534,Kamaishi,JP,2020-04-20 00:17:19,39.27,141.88,46.4,93,75,5.82,light rain,0.0,0.0
535,Port Macquarie,AU,2020-04-20 00:14:34,-31.43,152.92,68.0,79,40,3.36,scattered clouds,0.0,0.0
536,Hualmay,PE,2020-04-20 00:17:20,-11.1,-77.61,70.61,78,21,8.08,few clouds,0.0,0.0
537,Dawson Creek,CA,2020-04-20 00:17:20,55.77,-120.24,64.4,25,1,10.29,clear sky,0.0,0.0
538,Itarema,BR,2020-04-20 00:17:20,-2.92,-39.92,77.83,86,18,3.76,light rain,0.77,0.0
539,Dillon,US,2020-04-20 00:17:21,34.42,-79.37,64.99,88,1,5.73,clear sky,0.0,0.0
540,Dzhebariki-Khaya,RU,2020-04-20 00:17:21,62.22,135.8,14.32,87,0,2.59,clear sky,0.0,0.0
541,Miramar,US,2020-04-20 00:13:29,25.99,-80.23,84.99,66,1,10.29,clear sky,0.0,0.0
542,Kresttsy,RU,2020-04-20 00:17:21,58.25,32.52,30.42,98,53,3.91,broken clouds,0.0,0.0
543,Launceston,AU,2020-04-20 00:17:22,-41.45,147.17,54.0,93,90,17.22,moderate rain,0.0,0.0
544,Yangambi,CD,2020-04-20 00:17:22,0.81,24.43,70.32,83,97,1.77,overcast clouds,0.0,0.0
545,Yar-Sale,RU,2020-04-20 00:17:22,66.83,70.83,34.12,98,100,8.01,light rain,0.32,0.0
546,Qui Nhon,VN,2020-04-20 00:17:22,13.77,109.23,79.18,79,99,5.23,overcast clouds,0.0,0.0
547,Inongo,CD,2020-04-20 00:17:22,-1.95,18.27,70.61,83,89,1.86,overcast clouds,0.0,0.0
548,Nyagan,RU,2020-04-20 00:17:23,62.14,65.39,32.29,94,12,7.61,few clouds,0.0,0.0
549,Longyearbyen,SJ,2020-04-20 00:17:23,78.22,15.64,28.4,86,90,33.33,light snow,0.0,0.0
550,Bonham,US,2020-04-20 00:17:23,33.58,-96.18,66.99,93,90,3.36,fog,0.0,0.0
551,Omboue,GA,2020-04-20 00:17:24,-1.57,9.26,76.44,89,100,2.17,light rain,0.93,0.0
552,Hamilton,US,2020-04-20 00:17:24,39.18,-84.53,55.0,58,1,4.7,clear sky,0.0,0.0
553,Kamyshevatskaya,RU,2020-04-20 00:17:24,46.41,37.96,49.93,87,100,3.62,light rain,1.4,0.0
554,Praia Da Vitoria,PT,2020-04-20 00:17:24,38.73,-27.07,57.2,62,20,18.77,few clouds,0.0,0.0
555,Kibala,TD,2020-04-20 00:17:24,9.11,18.35,86.0,48,69,11.41,broken clouds,0.0,0.0
556,Cacheu,GW,2020-04-20 00:17:25,12.27,-16.17,77.0,61,58,4.7,broken clouds,0.0,0.0
557,Medvezhyegorsk,RU,2020-04-20 00:17:25,62.92,34.47,30.79,98,92,4.0,overcast clouds,0.0,0.0
558,Chamalieres,FR,2020-04-20 00:17:25,45.78,3.06,55.99,100,75,3.36,fog,0.0,0.0
559,Cockburn Town,TC,2020-04-20 00:17:25,21.46,-71.14,79.18,82,7,16.49,clear sky,0.0,0.0
560,San Ramon,US,2020-04-20 00:17:25,37.78,-121.98,68.0,52,1,13.87,clear sky,0.0,0.0
561,Miles City,US,2020-04-20 00:17:26,46.41,-105.84,57.99,46,75,5.82,broken clouds,0.0,0.0
562,Moron,AR,2020-04-20 00:17:26,-34.65,-58.62,69.01,76,0,5.03,clear sky,0.0,0.0
563,Kopong,BW,2020-04-20 00:17:26,-24.48,25.88,60.8,72,0,2.24,clear sky,0.0,0.0
564,Carutapera,BR,2020-04-20 00:17:26,-1.2,-46.02,79.54,85,59,8.99,light rain,0.57,0.0
565,Ozernovskiy,RU,2020-04-20 00:17:26,51.5,156.52,29.07,89,100,10.29,overcast clouds,0.0,0.0
566,Virginia Beach,US,2020-04-20 00:16:35,36.85,-75.98,63.0,77,90,4.7,overcast clouds,0.0,0.0
567,Minab,IR,2020-04-20 00:17:27,27.15,57.08,75.2,83,90,2.24,mist,0.0,0.0
568,Souillac,MU,2020-04-20 00:17:27,-20.52,57.52,75.2,88,40,11.41,scattered clouds,0.0,0.0
